房屋标题,房屋类型,房屋面积,房屋朝向,房屋楼层,建造年代,楼盘,房屋地址,房屋价格,每平米/元
万科物业自营 南坪六公里金域翰林 三号线精装正三房带家具电器,3室2厅1卫,89.9㎡,南北,低层(共27层),2019年建造,万科金域学府翰林菁华里,南岸-学府大道-二塘路59号,148万,16465元/㎡
黄泥磅 两代一家 正规三房双卫 业主自住房 拎包入住,3室2厅2卫,94.5㎡,东南,低层(共28层),2008年建造,两代一家,渝北-渝北黄泥磅-紫荆路29号,140万,14815元/㎡
鸳鸯16年次新小区 大雅云居山刚需经典3房户型 随时看房诚售,3室2厅1卫,88㎡,南北,低层(共24层),2016年建造,大雅云居山,渝北-鸳鸯-龙展路59号,145万,16487元/㎡
中交中央公园 横厅精装大两房 出门都是公园,2室2厅1卫,91㎡,南,低层(共25层),2016年建造,中交中央公园悦颂,渝北-中央公园-翠丹路4号,188万,20660元/㎡
富力现代广场 豪装大两房 户型方正 看房方便,2室2厅1卫,85.5㎡,南北,低层(共30层),2012年建造,富力现代广场,南岸-弹子石-弹子石新街59号,145万,16969元/㎡
简奢风格，富力现代广场，正规大2房，住家安静，带，随时看,2室2厅1卫,85.5㎡,南北,低层(共33层),2009年建造,富力现代广场,南岸-弹子石-弹子石新街59号,145万,16969元/㎡
6219 鲁能星城一街区 住家装修两房 随时看房,2室2厅1卫,83.6㎡,北,低层(共30层),2005年建造,鲁能星城一街区,渝北-龙头寺-新溉大道400号,150万,17950元/㎡
好房急售 北京知名团队设计装修 装修保证 可实地看房,2室2厅1卫,85.5㎡,南北,低层(共33层),2010年建造,富力现代广场,南岸-弹子石-弹子石新街59号,145万,16969元/㎡
锦江华府少有两房  精装出售拎包入住,2室2厅1卫,82.9㎡,南北,低层(共32层),2014年建造,锦江华府,南岸-弹子石-腾龙大道50号,142万,17138元/㎡
照母山看湖3房小区免费停车性价比高的，随时看房子,3室2厅1卫,91㎡,西北,低层(共32层),2016年建造,恒大照母山山水城,渝北-照母山-恒康路9号,150万,16484元/㎡
（新上！）融创高层！业主诚心！错过再无！,3室2厅2卫,99㎡,南北,低层(共33层),2016年建造,融创凡尔赛领馆(4期),渝北-照母山-星融路9号,155万,15657元/㎡
挥泪大甩卖 照母山 恒大精装三房 两房价格买三房,3室2厅1卫,90.2㎡,南,低层(共32层),2016年建造,恒大照母山山水城,渝北-照母山-恒康路9号,145万,16085元/㎡
蓝湖郡旁 公园1号 精装3房 小区绿化好 环境安静 业主诚卖,3室2厅2卫,82.8㎡,南北,低层(共31层),2015年建造,公园1号(渝北),渝北-鸳鸯-金开大道100号,145万,17506元/㎡
二郎轻轨站旁边 龙湖时代天街旁 精装三房带露台 业主安心卖,3室2厅1卫,86.8㎡,南,低层(共33层),2018年建造,弘悦101,九龙坡-二郎-火炬大道100号,145万,16707元/㎡
南坪协信城 86平 3室2厅 诚心出售 采光好 离轻轨近,3室2厅1卫,86.2㎡,南北,低层(共32层),2011年建造,协信城,"南岸-南坪-江南大道26号,南城大道1号",142万,16483元/㎡
毛坯 3室2厅 91平 145万 满二,3室2厅1卫,91.8㎡,南,低层(共33层),2016年建造,首地江山赋,渝北-悦来-悦山路5号,145万,15799元/㎡
南岸区CBD，清水3房，安心出售，看了再谈价格,3室2厅2卫,90㎡,南北,低层(共33层),2010年建造,国际社区观园(1期),南岸-弹子石-腾龙大道,150万,16667元/㎡
龙湖源著南区清水两房，住家舒适 出门即轻轨天街,2室2厅1卫,85㎡,南,低层(共32层),2012年建造,龙湖源著(南区),江北-南桥寺-福泉路26号,198万,23295元/㎡
小区环境好 配套齐全,3室2厅1卫,86㎡,南,低层(共26层),2017年建造,富悦麓山别苑,渝北-空港新城-桂馥大道6号,152万,17675元/㎡
南桥寺，保利品质大盘精装三房带车位，小区成熟，绿化好住家安静,3室2厅2卫,99㎡,东南,低层(共32层),2012年建造,保利香雪,江北-南桥寺-盘溪路150号,185万,18680元/㎡
精装修 满二  住房 富力现代广场 145万 电梯房 诚心出,2室2厅1卫,85.5㎡,南北,低层(共33层),2007年建造,富力现代广场,南岸-弹子石-弹子石新街59号,145万,16969元/㎡
鲁能泰山7号六街区 185万 3室2厅 电梯房 房东急置换,3室2厅2卫,96㎡,南,低层(共25层),2018年建造,鲁能泰山7号六街区,渝北-中央公园-公园西路,185万,19271元/㎡
新上！融创茂，精装三房，拎包入住，业主急售，！,3室2厅2卫,90㎡,南,低层(共32层),2018年建造,万达文化旅游城御林组团,沙坪坝-土主-西桂路12号,145万,16112元/㎡
西区紧凑小三房双卫 鹿山轻轨站  两站机场 朝中庭,3室2厅2卫,80.4㎡,南,低层(共30层),2018年建造,汇祥林里3000(四期),渝北-空港新城-兰桂大道6号,140万,17422元/㎡
东原锦悦 商圈附近 降价10W 精装修3房 拎包入住安心卖,3室2厅2卫,92㎡,南北,低层(共33层),2010年建造,东原锦悦,南岸-南坪-南坪东路二巷2号,146万,15870元/㎡
特优惠！千亿级商圈旁 绿地海外滩摩尔公馆 正三房 视野开阔,3室2厅2卫,93.4㎡,南北,低层(共33层),2016年建造,绿地海外滩,江北-鸿恩寺-鸿恩路388号,158万,16917元/㎡
好房子好房子看房方便,3室2厅2卫,92㎡,南,低层(共31层),2015年建造,申佳上海时光,渝北-回兴-银梭大道1号,141万,15333元/㎡
智能家居更懂你心，轻奢精装享受生活，采光良好使您身心愉悦,3室2厅2卫,90㎡,东南,低层(共32层),2015年建造,万达文化旅游城御林组团,沙坪坝-土主-西桂路12号,145万,16112元/㎡
文旅小镇旁  轻轨站旁  周边配套成熟,3室2厅2卫,90㎡,南北,低层(共33层),2017年建造,万达文化旅游城御林组团,沙坪坝-土主-西桂路12号,145万,16112元/㎡
正规两房，业主住家装修，质量有保障，周围配套成熟，业主急售,2室2厅1卫,85㎡,南,低层(共33层),2010年建造,北城国际中心,渝北-龙溪-龙华大道50号,143万,16824元/㎡
照母山 恒大山水城 业主诚意出售 三房 精装修,3室2厅1卫,90.2㎡,东,低层(共32层),2000年建造,恒大照母山山水城,渝北-照母山-恒康路9号,148万,16418元/㎡
（业主急售）渝北照母山丶豪华精装修 拎包入住丶低于市场价！,3室2厅1卫,95㎡,南北,低层(共31层),2018年建造,北大资源博雅(4期),渝北-照母山-湖霞街17号,197.8万,20822元/㎡
业主急售 照母山正规三房 朝中庭145万,3室2厅1卫,82.6㎡,南,低层(共33层),2017年建造,东原星樾,渝北-照母山-星光大道201号,145万,17566元/㎡
超高性价比，赠送100多平的大露台 个人    的一套房子,3室2厅2卫,98㎡,西,低层(共33层),2016年建造,金悦锦城,沙坪坝-磁器口-金磁路4号,156万,15919元/㎡
商圈里    跃层三房  现浇已经做好,3室2厅2卫,93㎡,南,低层(共30层),2010年建造,金辉优步大道,九龙坡-石桥铺-朝阳路227号,149万,16022元/㎡
照母山 正规三房 朝中庭 业主稳定,3室2厅1卫,85㎡,南,低层(共33层),2019年建造,融创凡尔赛领馆(4期),渝北-照母山-星融路9号,142万,16706元/㎡
博雅正规三房 业主诚心出售 小区环境好,3室2厅1卫,88㎡,南北,低层(共31层),2014年建造,北大资源博雅(4期),渝北-照母山-湖霞街17号,188万,21364元/㎡
精装修 东 91平 电梯房,4室2厅2卫,91.3㎡,东,低层(共32层),2015年建造,华润凯旋天地,南岸-弹子石-腾龙大道45号,145万,15886元/㎡
新房180万石桥铺商圈内环以内高端品质大平层视野好采光好,4室2厅2卫,92㎡,南北,低层(共32层),2020年建造,成都城投锦樾峰境,九龙坡-石桥铺-石美路15号,180万,19566元/㎡
南滨沿线 豪华装修 看中庭 可看江 业主挂牌,2室2厅1卫,96.8㎡,南北,低层(共27层),2013年建造,珊瑚水岸(一期),南岸-南滨路-南滨路28号,180万,18605元/㎡
精装恒大两房 视野开阔无遮挡 业主诚心出售 领包入住那种额,2室2厅1卫,85.2㎡,东北,低层(共32层),2016年建造,恒大世纪城,渝北-照母山-湖红路56号,141万,16558元/㎡
汽博保利156万  电梯房 精装修 满二  住房 采光好,2室2厅1卫,88.4㎡,南北,低层(共33层),2012年建造,保利高尔夫豪园,渝北-汽博中心-湖云街12号,156万,17648元/㎡
可以想象的空间！已经是亏本血卖了！该出手时绝不犹豫！急售！,3室2厅1卫,90㎡,东南,低层(共32层),2012年建造,元合悠哉悠宅,"江北-南桥寺-武江西路,近内环高速",140万,15561元/㎡
精装修 满二 98平 140万 南北通透 房东急置换 诚意买,3室2厅3卫,98㎡,南北,低层(共33层),2018年建造,富力城天禧,沙坪坝-大学城-大学城南路11号,140万,14286元/㎡
江北嘴CBD，恒大中央广场，正朝中庭，采光好，业主急售,2室2厅1卫,84.1㎡,东南,低层(共30层),2016年建造,恒大中央广场(一期),江北-江北嘴-天澜大道49号,180万,21409元/㎡
巴黎苑 毛坯三居室 朝中庭 住家安静舒适,3室2厅1卫,86.4㎡,南北,低层(共33层),2015年建造,奥园盘龙壹号巴黎苑,九龙坡-盘龙-盘金路1号,140万,16208元/㎡
江与城江城时光 南北通透 精装修 180万 94平 看房方便,3室2厅2卫,95㎡,南北,低层(共32层),2012年建造,江与城江城时光,渝北-大竹林-绿竹路66号,180万,18952元/㎡
3室2厅 195万 精装修 两江春城和风苑 99平 采光好,3室2厅2卫,99.6㎡,北,低层(共30层),2014年建造,两江春城和风苑,渝北-冉家坝-天竺路373号,195万,19579元/㎡
震惊 中央公园轻轨旁 住家精装三房 楼下商圈超市 拎包入住,3室2厅2卫,80㎡,南北,低层(共29层),2016年建造,汇祥林里3000(四期),渝北-空港新城-兰桂大道6号,152.8万,19100元/㎡
融创嘉德领馆(一期) 满二 85平 电梯房 195万 精装修,3室1厅1卫,85㎡,北,低层(共25层),2014年建造,融创嘉德领馆(一期),"渝北-中央公园-春华大道89号,兰桂大道168号",195万,22942元/㎡
融创文旅城精装三房双卫  高品质 户型方正 小区环境好,3室2厅2卫,90㎡,南北,低层(共33层),2018年建造,万达文化旅游城御林组团,沙坪坝-土主-西桂路12号,145万,16112元/㎡
毛坯 3室2厅 电梯房 首地江山赋 91平 145万,3室2厅1卫,91.8㎡,南,低层(共33层),2016年建造,首地江山赋,渝北-悦来-悦山路5号,145万,15799元/㎡
紧邻天街配轻轨，龙湖源著伴一生，清水尽可随心配,2室2厅1卫,85㎡,南,低层(共32层),2013年建造,龙湖源著(南区),江北-南桥寺-福泉路26号,198万,23295元/㎡
小区环境优雅，户型方正，采光良好，交通方便，离商圈很近,2室2厅1卫,85.5㎡,南,低层(共30层),2015年建造,富力现代广场,南岸-弹子石-弹子石新街59号,145万,16969元/㎡
精装修 145万 东 4室2厅 电梯房,4室2厅2卫,91.3㎡,东,低层(共32层),2015年建造,华润凯旋天地,南岸-弹子石-腾龙大道45号,145万,15886元/㎡
富力现代广场 精装两室两厅一卫 送全新家具家电 周边配套齐全,2室2厅1卫,85.5㎡,南北,低层(共33层),2015年建造,富力现代广场,南岸-弹子石-弹子石新街59号,145万,16969元/㎡
精装修 东 电梯房 91平 华润凯旋天地,4室2厅2卫,91.3㎡,东,低层(共32层),2015年建造,华润凯旋天地,南岸-弹子石-腾龙大道45号,145万,15886元/㎡
2室2厅 145万 富力现代广场 85平 房东急置换 诚意买,2室2厅1卫,85.5㎡,南北,低层(共33层),2015年建造,富力现代广场,南岸-弹子石-弹子石新街59号,145万,16969元/㎡
精装修 华润凯旋天地 91平 电梯房,4室2厅2卫,91.3㎡,东,低层(共32层),2015年建造,华润凯旋天地,南岸-弹子石-腾龙大道45号,145万,15886元/㎡
精装修 电梯房 4室2厅 91平,4室2厅2卫,91.3㎡,东,低层(共32层),2015年建造,华润凯旋天地,南岸-弹子石-腾龙大道45号,145万,15886元/㎡
万科物业自营 朝中庭 业主诚心出售,3室2厅1卫,85.7㎡,东南,低层(共27层),2018年建造,万科金域学府翰林菁华里,南岸-学府大道-二塘路59号,145万,16914元/㎡
8月9号上新！鸳鸯美利山精装两房出售 朝中庭 视野,2室2厅1卫,84.3㎡,东南,低层(共33层),2015年建造,首钢美利山公园城市,渝北-鸳鸯-翠渝路55号,141万,16723元/㎡
业主安心出售 住家装修 小区环境优美 视野开阔,3室2厅3卫,98㎡,南,低层(共33层),2018年建造,富力城天禧,沙坪坝-大学城-大学城南路11号,140万,14286元/㎡
首付48万 买袁家岗百米轻轨站金茂北区正规3房2厅,3室2厅1卫,96㎡,南,低层(共32层),2016年建造,金茂珑悦(北区),九龙坡-谢家湾-袁家岗158号,145万,15098元/㎡
万科新出  三房 153万买家具家电齐全 核心位置,3室2厅1卫,94.6㎡,南北,低层(共33层),2016年建造,万科金色悦城(1期),沙坪坝-凤天路-凤鸣山300号,153万,16182元/㎡
照母山金州商圈旁，精装三房！,3室2厅1卫,94㎡,东南,低层(共31层),2017年建造,恒大世纪城,渝北-照母山-湖红路56号,186万,19788元/㎡
捡漏 捡漏 天际湾套三双卫特价出售只要190万,3室2厅1卫,91㎡,南北,低层(共33层),2018年建造,华侨城天际湾A区,渝北-礼嘉-悦华路9号,190万,20880元/㎡
渝富滨江首岸 跃层可做4房 增大住房面积 周边配套齐全,4室2厅2卫,92.6㎡,南北,低层(共30层),2018年建造,渝富滨江首岸,沙坪坝-石井坡-团结坝432号,149万,16098元/㎡
东原1891 全看江 自己住家保养好,1室1厅1卫,86.2㎡,南北,低层(共33层),2008年建造,东原1891,南岸-南滨路-南滨路80号,155万,17976元/㎡
1室1厅 东原1891 155万 精装修 南北通透 看房方便,1室1厅1卫,86.2㎡,南北,低层(共33层),2008年建造,东原1891,南岸-南滨路-南滨路80号,155万,17976元/㎡
豪装三房双卫 板式结构 只要153万爆赞 拎包入住 环境优美,3室2厅2卫,98.9㎡,南,高层(共7层),2015年建造,金科中央御院(一期),南岸-茶园新区-永宁路19号,153万,15472元/㎡
九公里 曦圆青岗湾 电梯洋房 精装大阳台 拎包入住 ！,3室2厅2卫,89㎡,南北,高层(共7层),2017年建造,曦圆青岗湾(二期),巴南-李家沱-巴南大道68号,145.8万,16375元/㎡
急售 商圈旁轻轨站旁洋房 视野开阔闹中取静 业主换别墅了,3室2厅2卫,97.4㎡,南北,中层(共7层),2018年建造,中国铁建万国城68号,南岸-茶园新区-梨花大道570号,145万,14889元/㎡
融创茂旁跃层洋房 精装修 别墅小区 配套完善 拎包入住,3室2厅2卫,85㎡,南北,中层(共11层),2018年建造,国盛园墅(A区),沙坪坝-西永-西尊路188号,140万,16471元/㎡
售中央公园钜惠品质小洋房轻轨旁近商圈,3室2厅2卫,97㎡,南北,中层(共11层),2020年建造,荣盛鹿山府,"渝北-中央公园-金州大道,近万康路",145万,14949元/㎡
繁华地段万国城正规三房双卫洋房只要145万,3室2厅2卫,97.4㎡,南,中层(共8层),2019年建造,中国铁建万国城68号,南岸-茶园新区-梨花大道570号,145万,14889元/㎡
隆鑫爱琴海 93平 140万 精装修 楼层好 视野无遮挡,3室2厅1卫,93.6㎡,北,中层(共8层),2016年建造,隆鑫爱琴海(1期),北碚-蔡家-同华路78号,140万,14964元/㎡
珠江城A 电梯入户 豪装洋房  诚心出售 拎包入住,3室2厅1卫,98.3㎡,南北,中层(共8层),2015年建造,珠江城(A区),巴南-融汇-龙汇路1488号,155万,15777元/㎡
千威先生品质洋房 住家精装修 临商圈 附近轻轨公交,3室2厅2卫,96.5㎡,南,低层(共11层),2016年建造,千威先生的洋房,渝北-空港-观月大道77号,140万,14510元/㎡
奥园越时代(C区)   住房 正规三房双卫 豪装 143万,3室2厅2卫,98㎡,南北,中层(共11层),2018年建造,奥园越时代(C区),南岸-刘家坪-创智路265号,143.5万,14643元/㎡
蔡家爱琴海，轻轨洋房小区，精装三房出售,3室2厅1卫,93.6㎡,东南,中层(共8层),2016年建造,隆鑫爱琴海(1期),北碚-蔡家-同华路78号,140万,14964元/㎡
（拒绝虚假）康田蔚蓝海洋房，价格低，户型好，朝中庭！诚心出售,3室2厅2卫,85.1㎡,南北,中层(共8层),2018年建造,康田蔚蓝海(A区),渝北-照母山-康景路168号,148万,17402元/㎡
新上金科城，全新装修三房，业主稳定置换，有钥匙随时看房,3室2厅1卫,81㎡,南,中层(共8层),2016年建造,金科城59区,北碚-蔡家-长平路66号,140万,17284元/㎡
正南 3室2厅  奥园越时代(C区) 精装修,3室2厅2卫,84㎡,南,中层(共11层),2018年建造,奥园越时代(C区),南岸-刘家坪-创智路265号,145万,17262元/㎡
精装修拎包入住  正规三房  商圈旁 近轻轨,3室2厅1卫,82㎡,南北,中层(共10层),2016年建造,龙湖U城8组团,沙坪坝-大学城-大学城北路99号,142万,17318元/㎡
次新小区 优美洋房 没住过人 品质装修 速来速来,3室2厅2卫,97.4㎡,东南,中层(共8层),2019年建造,保利金香槟(三区),九龙坡-华岩新城-华美二路9号,140万,14376元/㎡
业主急卖。中山三路172号没有用过，,3室2厅1卫,81㎡,南北,高层(共7层),2001年建造,中山三路172号小区,渝中-上清寺-中山三路172号,150万,18519元/㎡
首付40万买金科郡洋房，刚需三房，户型方正无浪费,3室2厅1卫,86㎡,南,中层(共8层),2019年建造,美的金科郡,"沙坪坝-西永-西双大道147号,学城大道130号",145万,16855元/㎡
刘家坪轻轨洋房，一梯两户，南北通透，   的洋房,3室2厅2卫,97.4㎡,南北,中层(共8层),2018年建造,中国铁建万国城68号,南岸-茶园新区-梨花大道570号,145万,14889元/㎡
渝北三房 全新装修 汽博中心 三号线轻轨房 双轻轨商业广场,3室2厅1卫,88.6㎡,南北,中层(共11层),2011年建造,龙脊金山名都,渝北-汽博中心-金渝大道83号,148万,16710元/㎡
精装洋房，全新装修，户型方正采光好，业主急置换,3室2厅2卫,95.8㎡,南北,高层(共7层),2015年建造,协信城立方玺院,沙坪坝-大学城-大学城南二路,140万,14614元/㎡
大学城轻轨旁，协信精装跃层洋房，    多，支持公积金，税少,3室2厅2卫,95.8㎡,南北,中层(共7层),2015年建造,协信城立方玺院,沙坪坝-大学城-大学城南二路,142万,14823元/㎡
爱琴海精装花园洋房 近轻轨出行便利 配套设施齐全 环境舒适,3室2厅1卫,93.6㎡,北,中层(共8层),2016年建造,隆鑫爱琴海(1期),北碚-蔡家-同华路78号,140万,14964元/㎡
140万 满二 98平 电梯房 精装修 采光好 周边商圈成熟,3室2厅2卫,98.3㎡,南北,中层(共11层),2015年建造,千威先生的洋房,渝北-空港-观月大道77号,140万,14247元/㎡
茶园鲁能4街区洋房，小区环境好，业主安心卖,3室2厅2卫,86.4㎡,南北,中层(共8层),2018年建造,鲁能领秀城四街区(洋墅区),南岸-茶园新区-吉庆路54号,149万,17248元/㎡
金科十年城洋房社区 南北通透 东区 周边配套齐全 位置好,3室2厅1卫,97.2㎡,南北,低层(共10层),2011年建造,金科10年城东区,江北-石马河-盘溪路480号,155万,15955元/㎡
渝北 空港 3号线轻轨站 品质小区 千威先生的洋房带车位,3室2厅2卫,98.3㎡,南北,中层(共11层),2016年建造,千威先生的洋房,渝北-空港-观月大道77号,140万,14247元/㎡
金科洋房，低价出售，性价比超高朝南，小区环境优美,3室2厅2卫,96㎡,南,低层(共10层),2015年建造,金科城59区,北碚-蔡家-长平路66号,155万,16146元/㎡
质的！奥园广场永辉旁 中铁万国城花园洋房三房双卫143万,3室2厅2卫,97.4㎡,南,中层(共8层),2018年建造,中国铁建万国城68号,南岸-茶园新区-梨花大道570号,143万,14684元/㎡
蔡家金科城品质花园洋房！精装大三房双卫！小区环境美丽！,3室2厅2卫,94.9㎡,南,中层(共8层),2017年建造,金科城59区,北碚-蔡家-长平路66号,145万,15273元/㎡
金科品质小区，绿化好，户型大气，无线宽敞的露台,3室2厅1卫,89.2㎡,南,中层(共8层),2017年建造,金科城37区,北碚-蔡家-嘉景大道6号,150万,16826元/㎡
（真） 子龙公寓 95平 145万 离轻轨近,3室2厅1卫,95㎡,南,中层(共9层),2003年建造,子龙公寓,九龙坡-谢家湾-谢家湾正街94号,145万,15264元/㎡
奥园越时代次新盘，全新精装，朝中庭，刘家坪轻轨站，装修质保,3室2厅2卫,84㎡,东南,中层(共11层),2019年建造,奥园越时代(C区),南岸-刘家坪-创智路265号,145万,17262元/㎡
金科城59区精装洋房，三房双卫户型，装修大气保持好业主急售,3室2厅2卫,94.9㎡,南,中层(共8层),2017年建造,金科城59区,北碚-蔡家-长平路66号,143万,15063元/㎡
中山三路正规3房户型方正采光好 平上5楼,3室2厅1卫,81㎡,南北,中层(共10层),2003年建造,中山三路172号小区,渝中-上清寺-中山三路172号,148万,18272元/㎡
子龙公寓 140万 3室2厅 95平 诚心出售 价格可议,3室2厅1卫,95㎡,南北,中层(共9层),2000年建造,子龙公寓,九龙坡-谢家湾-谢家湾正街94号,140万,14737元/㎡
业主吐血价！155万买 金科品质洋房 精装三房双卫 上11中,3室2厅2卫,98.9㎡,东南,高层(共6层),2015年建造,金科中央御院(一期),南岸-茶园新区-永宁路19号,155万,15674元/㎡
蔡家爱琴海，轻轨洋房小区，精装三房出售,3室2厅1卫,93.6㎡,东南,中层(共8层),2016年建造,隆鑫爱琴海(1期),北碚-蔡家-同华路78号,140万,14964元/㎡
[全新装修] 汽博金山名都精装三房出售 门口公交站 出行方便,3室2厅1卫,88.6㎡,南北,中层(共11层),2007年建造,龙脊金山名都,渝北-汽博中心-金渝大道83号,142万,16033元/㎡
奥园广场旁 中铁品质洋房 次新小区 近轻轨 邻天台岗 满二,3室2厅2卫,97.4㎡,南,中层(共8层),2018年建造,中国铁建万国城68号,南岸-茶园新区-梨花大道570号,145万,14889元/㎡
电梯房 97平  中国铁建万国城68号 3室2厅 楼层好,3室2厅2卫,97.4㎡,东北,中层(共7层),2018年建造,中国铁建万国城68号,南岸-茶园新区-梨花大道570号,145万,14889元/㎡
万国城二期洋房，三房两卫，低于市场价，业主急售,3室2厅2卫,97.4㎡,东,中层(共6层),2019年建造,中国铁建万国城68号,南岸-茶园新区-梨花大道570号,145万,14889元/㎡
金科十年城东区 精装三房户型方正南北通透 双阳台业主诚心出售,3室2厅1卫,97.2㎡,南北,低层(共10层),2011年建造,金科10年城东区,江北-石马河-盘溪路480号,155万,15955元/㎡
金科十年城东区小高层  住家方便南北通透 小区环境好 诚售,3室2厅1卫,97.2㎡,南北,低层(共10层),2011年建造,金科10年城东区,江北-石马河-盘溪路480号,155万,15955元/㎡
中铁楼盘 146买洋房三房双卫 纯洋房别墅小区 中间楼层,3室2厅2卫,97.4㎡,东北,中层(共8层),2018年建造,中国铁建万国城68号,南岸-茶园新区-梨花大道570号,146万,14992元/㎡
中铁万国城 南北通透 三房2卫 145万 近轻轨 奥园广场,3室2厅2卫,97.4㎡,南,中层(共8层),2018年建造,中国铁建万国城68号,南岸-茶园新区-梨花大道570号,145万,14889元/㎡
带车位价格。153万买精装三房双卫还带车位，业主安心卖,3室2厅2卫,94.9㎡,南,低层(共11层),2019年建造,金科城59区,北碚-蔡家-长平路66号,153万,16116元/㎡
机会！含泪降价十万急售中铁万国城洋房！茶园CBD！出门双商圈,3室2厅2卫,97.4㎡,南北,中层(共7层),2019年建造,中国铁建万国城68号,南岸-茶园新区-梨花大道570号,145万,14889元/㎡
茶园CBD 中铁万国城 临轻轨近商圈 楼下就是永辉超市,3室2厅2卫,97.4㎡,南北,中层(共8层),2018年建造,中国铁建万国城68号,南岸-茶园新区-梨花大道570号,145万,14889元/㎡
近轻轨 业主急售 奥园广场旁洋房3室2厅2卫145万,3室2厅2卫,97.4㎡,南,中层(共9层),2019年建造,中国铁建万国城68号,南岸-茶园新区-梨花大道570号,145万,14889元/㎡
（真） 子龙公寓 95平 145万 离轻轨近,3室2厅1卫,95㎡,南,中层(共9层),2003年建造,子龙公寓,九龙坡-谢家湾-谢家湾正街94号,145万,15264元/㎡
洋房急售！360万商圈一街之隔，一线中央公园，轻轨站500米,3室2厅2卫,89.5㎡,南,高层(共7层),2016年建造,鲁能泰山7号十三街区,渝北-中央公园-嘉业路3号,158万,17652元/㎡
九公里轻轨站青岗湾精装三房两卫 电梯房 洋房 朝向好拎包入住,3室2厅2卫,89㎡,南北,高层(共6层),2018年建造,曦圆青岗湾(二期),巴南-李家沱-巴南大道68号,146万,16398元/㎡
环境不错，小区配套完善，户型方正，采光没问题，大露台,3室2厅1卫,89.2㎡,南,中层(共8层),2017年建造,金科城37区,北碚-蔡家-嘉景大道6号,150万,16826元/㎡
电梯房 保利金香槟(三区) 精装修 97平 采光好 周边商圈,3室2厅2卫,97.4㎡,南北,低层(共10层),2017年建造,保利金香槟(三区),九龙坡-华岩新城-华美二路9号,145万,14889元/㎡
金科品质 精装三房洋房 小区环境优美性价比高配套成熟,3室2厅1卫,81㎡,南,中层(共8层),2016年建造,金科城59区,北碚-蔡家-长平路66号,142万,17531元/㎡
内部尾房转出丶重庆八钟人和街对面丶轻轨在门口丶商业旁,3室2厅2卫,90㎡,南,中层(共8层),2019年建造,香港置地衿湖翠林,"渝北-中央公园-公园西路,公园东路",140.8万,15645元/㎡
南岸茶园精装三房法蓝西洋楼拎包入住,3室2厅1卫,83㎡,北,中层(共11层),2015年建造,法蓝西莊邸枫丹里,南岸-茶园新区-雷家桥支路2号,145万,17470元/㎡
精装修 3室2厅 140万 80平 满二 电梯房 采光好 周,3室2厅1卫,80.7㎡,南北,中层(共8层),2014年建造,国瑞爱与山(C区),大渡口-双山-山海路133号,140万,17349元/㎡
业主急售 电梯入户 精装修 品质洋房 朝中庭,3室2厅1卫,98.3㎡,南北,中层(共8层),2016年建造,珠江城(A区),巴南-融汇-龙汇路1488号,159万,16184元/㎡
轻轨门口纯洋房 业主急售 随时看房 急售就卖这周哦,3室2厅2卫,80.2㎡,南北,低层(共11层),2017年建造,协信春山台,渝北-人和-吉兴路9号,150万,18711元/㎡
首付30万万国城品质洋房，永辉200米次新小区 天台岗旁,3室2厅2卫,97.4㎡,东南,中层(共8层),2019年建造,中国铁建万国城68号,南岸-茶园新区-梨花大道570号,147万,15094元/㎡
冉家坝金科洋房急售！精装修价格便宜，位置好,3室2厅1卫,97.2㎡,南北,低层(共10层),2011年建造,金科10年城东区,江北-石马河-盘溪路480号,155万,15955元/㎡
奥园越时代精装大三房朝中庭环境优美    大,3室2厅2卫,84㎡,南,中层(共11层),2019年建造,奥园越时代(C区),南岸-刘家坪-创智路265号,145万,17262元/㎡
鲁能领秀城 平层洋房 楼层好 小区中庭,3室2厅2卫,86.4㎡,南,中层(共8层),2017年建造,鲁能领秀城四街区(洋墅区),南岸-茶园新区-吉庆路54号,140万,16206元/㎡
正南 3室2厅  奥园越时代(C区) 精装修,3室2厅2卫,84㎡,南,中层(共11层),2018年建造,奥园越时代(C区),南岸-刘家坪-创智路265号,145万,17262元/㎡
蔡家爱琴海，轻轨洋房小区，精装三房拎包入住，配套齐全居家安静,3室2厅1卫,93.6㎡,东南,中层(共8层),2014年建造,隆鑫爱琴海(1期),北碚-蔡家-同华路78号,140万,14964元/㎡
一套简约风格的洋房，带露台，户型方正，通透，全屋地暖,3室2厅1卫,99.6㎡,西,中层(共8层),2017年建造,珠江城(A区),巴南-融汇-龙汇路1488号,150万,15058元/㎡
总价146起 高新区精装三室两厅两卫洋房带地暖 方正采光好,3室2厅2卫,89㎡,南,高层(共7层),2019年建造,佳兆业珑樾壹号,"沙坪坝-曾家-大学城南二路,近思贤路",146万,16405元/㎡
南北通透，洋房社区，石桥铺半山公馆旁精装洋房，小区环境好。,3室2厅2卫,94.8㎡,南北,中层(共6层),2012年建造,半山七号,九龙坡-石桥铺-经纬大道1099号,155万,16352元/㎡
金科10年城东区 满五 3室2厅 98平 155万 诚心出售,3室2厅1卫,98.6㎡,东南,低层(共10层),2011年建造,金科10年城东区,江北-石马河-盘溪路480号,155万,15721元/㎡
寻有缘人 南北通透 带露台 你值得拥有 业主急售,3室2厅2卫,99㎡,南,中层(共6层),2017年建造,金科中央御院(一期),南岸-茶园新区-永宁路19号,148万,14950元/㎡
140万 鲁能领秀城四街区 86平 3室2厅2卫 诚心出售,3室2厅2卫,86㎡,东南,中层(共8层),2016年建造,鲁能领秀城四街区(洋墅区),南岸-茶园新区-吉庆路54号,140万,16280元/㎡
人民 上清寺正规3房，出行方便  采光好,3室2厅1卫,81㎡,南北,中层(共8层),2000年建造,中山三路172号小区,渝中-上清寺-中山三路172号,146万,18025元/㎡
高新区科学城 微电园轻轨站旁 品质洋房 南北朝向 住家安静,3室2厅1卫,86㎡,南北,中层(共8层),2018年建造,美的金科郡,"沙坪坝-西永-西双大道147号,学城大道130号",145万,16855元/㎡
朝南 满二 3室2厅 龙脊金山名都 电梯房 采光好 周边商圈,3室2厅1卫,88.6㎡,南,中层(共11层),2007年建造,龙脊金山名都,渝北-汽博中心-金渝大道83号,147万,16598元/㎡
茶园洋房3室2厅 143万 99平 金科中央御院(一期) 清,3室2厅2卫,99㎡,南北,中层(共6层),2015年建造,金科中央御院(一期),南岸-茶园新区-永宁路19号,143万,14445元/㎡
低于市场价10万诚心售，天台岗小xue旁 南北通透采光好,3室2厅2卫,97.4㎡,南北,中层(共8层),2018年建造,中国铁建万国城68号,南岸-茶园新区-梨花大道570号,143万,14684元/㎡
精装修 隆鑫爱琴海(1期) 3室2厅 140万 电梯房 满二,3室2厅1卫,93.6㎡,北,中层(共8层),2015年建造,隆鑫爱琴海(1期),北碚-蔡家-同华路78号,140万,14964元/㎡
电梯房 满二 3室2厅 80平 楼层好 视野无遮挡,3室2厅1卫,80.7㎡,南北,中层(共8层),2014年建造,国瑞爱与山(C区),大渡口-双山-山海路133号,140万,17349元/㎡
金科十年城 3室2厅 98平 155万 房东急售,3室2厅1卫,98.6㎡,南北,低层(共10层),2011年建造,金科10年城东区,江北-石马河-盘溪路480号,155万,15721元/㎡
3室2厅 145万 精装修 83平 法蓝西莊邸枫丹里 价可谈,3室2厅1卫,83㎡,南北,中层(共11层),2015年建造,法蓝西莊邸枫丹里,南岸-茶园新区-雷家桥支路2号,145万,17470元/㎡
轻轨800米 茶园万国城洋房 3房2卫 南北通透 出门即商圈,3室2厅2卫,97.4㎡,南北,中层(共8层),2017年建造,中国铁建万国城68号,南岸-茶园新区-梨花大道570号,146.8万,15074元/㎡
带有谢小，随时用， 诚心出售 价格可议,3室2厅1卫,95㎡,南,中层(共9层),2003年建造,子龙公寓,九龙坡-谢家湾-谢家湾正街94号,145万,15264元/㎡
美式装修，带暖气，中间楼层，户型方正，,3室2厅2卫,94.9㎡,南,低层(共10层),2016年建造,金科城59区,北碚-蔡家-长平路66号,150万,15800元/㎡
江北 南北通透3房 大落地窗卧室，诚心出售,3室2厅1卫,97.2㎡,东南,低层(共10层),2011年建造,金科10年城东区,江北-石马河-盘溪路480号,155万,15955元/㎡
金科10年城东区 满二 3室2厅 电梯房 97平 房东急置换,3室2厅1卫,97.2㎡,东南,低层(共10层),2011年建造,金科10年城东区,江北-石马河-盘溪路480号,155万,15955元/㎡
整套房子用两个字来概括！豪华！金科品质洋房小区端户三房双卫,3室2厅2卫,94.9㎡,南,中层(共8层),2015年建造,金科城59区,北碚-蔡家-长平路66号,145万,15273元/㎡
145万 中国铁建万国城洋房 97平 南北通透 看房方便,3室2厅2卫,97.4㎡,南北,中层(共8层),2018年建造,中国铁建万国城68号,南岸-茶园新区-梨花大道570号,145万,14889元/㎡
蔡家爱琴海，轻轨洋房小区，精装三房出售,3室2厅1卫,93.6㎡,东南,中层(共8层),2016年建造,隆鑫爱琴海(1期),北碚-蔡家-同华路78号,140万,14964元/㎡
南岸！茶园解放碑 145万 中国铁建万国城68号 3室2厅,3室2厅2卫,97.4㎡,南北,中层(共7层),2019年建造,中国铁建万国城68号,南岸-茶园新区-梨花大道570号,145万,14889元/㎡
龙湖源著天街旁 小高层三房 精装修 看中庭 住家安静,3室2厅1卫,97.2㎡,南北,低层(共10层),2011年建造,金科10年城东区,江北-石马河-盘溪路480号,155万,15955元/㎡
龙湖天街旁，正规大三房，业主诚心出售,3室2厅1卫,97.2㎡,南北,低层(共10层),2011年建造,金科10年城东区,江北-石马河-盘溪路480号,155万,15955元/㎡
金科品质洋房。豪华装修三房双卫户型，拎包入住，欢迎咨询,3室2厅2卫,94.9㎡,南北,中层(共8层),2015年建造,金科城59区,北碚-蔡家-长平路66号,150万,15800元/㎡
南北通透 满二 品质洋房 97平 看房方便 有钥匙,3室2厅2卫,97.4㎡,南北,中层(共7层),2018年建造,中国铁建万国城68号,南岸-茶园新区-梨花大道570号,143万,14684元/㎡
金科十年城东区 精装三房户型方正南北通透 双阳台业主诚心出售,3室2厅1卫,97.2㎡,南北,低层(共10层),2011年建造,金科10年城东区,江北-石马河-盘溪路480号,155万,15955元/㎡
奥园广场旁中铁品质洋房，正规3房2卫，中间楼层，业主急售！,3室2厅2卫,97.4㎡,北,中层(共7层),2018年建造,中国铁建万国城68号,南岸-茶园新区-梨花大道570号,145万,14889元/㎡
蔡家爱琴海，轻轨洋房小区，精装三房出售,3室2厅1卫,93.6㎡,东南,中层(共8层),2016年建造,隆鑫爱琴海(1期),北碚-蔡家-同华路78号,140万,14964元/㎡
刘家坪轻轨旁，中铁大开发商低于市场价15万小洋房。业主诚售,3室2厅2卫,97.4㎡,南,中层(共8层),2019年建造,中国铁建万国城68号,南岸-茶园新区-梨花大道570号,145万,14889元/㎡
奥园商圈中铁洋房，版式结构诚心出售，小区环境新,3室2厅2卫,97.4㎡,南,中层(共8层),2017年建造,中国铁建万国城68号,南岸-茶园新区-梨花大道570号,145万,14889元/㎡
快来捡趴活！刘家坪轻轨站附近，目前为止   的小洋房,3室2厅2卫,97.4㎡,东北,中层(共7层),2019年建造,中国铁建万国城68号,南岸-茶园新区-梨花大道570号,145万,14889元/㎡
中铁万国城正规三房双卫洋房145万  出门奥园商圈永辉超市,3室2厅2卫,97.4㎡,南北,中层(共7层),2019年建造,中国铁建万国城68号,南岸-茶园新区-梨花大道570号,145万,14889元/㎡
刘家坪轻轨站 中铁电梯洋房 南北通透楼下永辉商圈,3室2厅2卫,97.4㎡,南北,中层(共8层),2015年建造,中国铁建万国城68号,南岸-茶园新区-梨花大道570号,145万,14889元/㎡
奥园广场，万国城商圈旁精致洋房 住家环境好,3室2厅2卫,97.4㎡,南北,中层(共7层),2018年建造,中国铁建万国城68号,南岸-茶园新区-梨花大道570号,145万,14889元/㎡
茶园CBD！奥园城市天地广场旁，万国城68号3房双卫145万,3室2厅2卫,97.4㎡,南北,中层(共8层),2018年建造,中国铁建万国城68号,南岸-茶园新区-梨花大道570号,145万,14889元/㎡
全新小区 南北通透板式洋房 低于市场价 正规三房双卫随时看房,3室2厅2卫,97.4㎡,南,中层(共8层),2015年建造,中国铁建万国城68号,南岸-茶园新区-梨花大道570号,145万,14889元/㎡
茶园解放碑 中铁品质洋房 全朝中庭 板式结构 出门商圈,3室2厅2卫,97.4㎡,南北,中层(共8层),2017年建造,中国铁建万国城68号,南岸-茶园新区-梨花大道570号,145万,14889元/㎡
茶园奥园商圈 中铁品质洋房 清水三房 145万 小区附近永辉,3室2厅2卫,97.4㎡,东北,中层(共7层),2018年建造,中国铁建万国城68号,南岸-茶园新区-梨花大道570号,145万,14889元/㎡
奥园广场配套，永辉超市旁边，品质洋房,3室2厅2卫,97.4㎡,南北,中层(共9层),2016年建造,中国铁建万国城68号,南岸-茶园新区-梨花大道570号,145万,14889元/㎡
茶园中心，中铁品质，三房洋房，只要147万,3室2厅2卫,97.4㎡,南,中层(共7层),2019年建造,中国铁建万国城68号,南岸-茶园新区-梨花大道570号,147万,15094元/㎡
140万 鲁能领秀城四街区 86平 3室2厅2卫 诚心出售,3室2厅2卫,86㎡,东南,中层(共8层),2016年建造,鲁能领秀城四街区(洋墅区),南岸-茶园新区-吉庆路54号,140万,16280元/㎡
人民 上清寺正规3房，出行方便  采光好,3室2厅1卫,81㎡,南北,中层(共8层),2000年建造,中山三路172号小区,渝中-上清寺-中山三路172号,146万,18025元/㎡
江北 南北通透3房 大落地窗卧室，诚心出售,3室2厅1卫,97.2㎡,东南,低层(共10层),2011年建造,金科10年城东区,江北-石马河-盘溪路480号,155万,15955元/㎡
高新区科学城 微电园轻轨站旁 品质洋房 南北朝向 住家安静,3室2厅1卫,86㎡,南北,中层(共8层),2018年建造,美的金科郡,"沙坪坝-西永-西双大道147号,学城大道130号",145万,16855元/㎡
朝南 满二 3室2厅 龙脊金山名都 电梯房 采光好 周边商圈,3室2厅1卫,88.6㎡,南,中层(共11层),2007年建造,龙脊金山名都,渝北-汽博中心-金渝大道83号,147万,16598元/㎡
蔡家爱琴海，轻轨洋房小区，精装三房出售,3室2厅1卫,93.6㎡,东南,中层(共8层),2016年建造,隆鑫爱琴海(1期),北碚-蔡家-同华路78号,140万,14964元/㎡
茶园洋房3室2厅 143万 99平 金科中央御院(一期) 清,3室2厅2卫,99㎡,南北,中层(共6层),2015年建造,金科中央御院(一期),南岸-茶园新区-永宁路19号,143万,14445元/㎡
精装修 隆鑫爱琴海(1期) 3室2厅 140万 电梯房 满二,3室2厅1卫,93.6㎡,北,中层(共8层),2015年建造,隆鑫爱琴海(1期),北碚-蔡家-同华路78号,140万,14964元/㎡
金科十年城南北通透板式小洋房 三房一卫位置安静 业主诚心出售,3室2厅1卫,98.6㎡,南,低层(共10层),2010年建造,金科10年城东区,江北-石马河-盘溪路480号,155万,15721元/㎡
现在的金科业主有点烦  别人房价   金科不涨价  任性,3室2厅2卫,92㎡,东,中层(共11层),2015年建造,金科城59区,北碚-蔡家-长平路66号,155万,16854元/㎡
人小现已四年  3室1厅 81平 155万  采光好,3室1厅1卫,81㎡,南北,中层(共10层),2000年建造,中山三路172号小区,渝中-上清寺-中山三路172号,155万,19136元/㎡
金科城品质洋房，三房双卫，带车位出售，,3室2厅2卫,96㎡,南,中层(共8层),2017年建造,金科城59区,北碚-蔡家-长平路66号,155万,16146元/㎡
爱琴海洋房 小三房150万 南北通透 中间楼层 业主急售,3室2厅1卫,85.3㎡,南,中层(共7层),2017年建造,两江名苑伯克林,渝北-照母山-龙健路6号,150万,17585元/㎡
九公里轻轨站旁边曦圆青岗湾清水电梯洋房三室两厅双卫诚信出售,3室2厅2卫,92.3㎡,南,高层(共7层),2016年建造,曦圆青岗湾(二期),巴南-李家沱-巴南大道68号,140万,15170元/㎡
鹿角奥特莱斯旁，金科美辰，品质洋房，业主诚心出售,3室2厅2卫,95㎡,南,中层(共9层),2020年建造,金科美辰,巴南-鹿角-华林路1118号,153万,16099元/㎡
蔡家轻轨旁 隆鑫爱琴海洋房精装修三房,3室2厅1卫,93.6㎡,南北,中层(共8层),2017年建造,隆鑫爱琴海(1期),北碚-蔡家-同华路78号,140万,14964元/㎡
近轻轨 近商圈 配套齐全 板式结构三房双卫,3室2厅2卫,97.4㎡,南北,中层(共8层),2019年建造,中国铁建万国城68号,南岸-茶园新区-梨花大道570号,145万,14889元/㎡
融汇半岛 越昕晖 精装三房洋房 装修九成新 业主安心卖的,3室2厅2卫,97.3㎡,南北,中层(共8层),2015年建造,越昕晖,巴南-融汇-西流沱三村99号,140万,14383元/㎡
145万买，奥园广场旁洋房，正规三房两卫，全朝中庭,3室2厅2卫,97.4㎡,南北,中层(共6层),2019年建造,中国铁建万国城68号,南岸-茶园新区-梨花大道570号,145万,14889元/㎡
89平 电梯房 145万 精装修 3室2厅 看房方便 有钥匙,3室2厅1卫,89.2㎡,北,中层(共9层),2016年建造,银翔后住,南岸-茶园新区-广福大道17号,145万,16258元/㎡
刘家坪地铁站旁奥园精装三房带80平米私家花园,3室2厅1卫,81㎡,南北,中层(共11层),2017年建造,奥园越时代(C区),南岸-刘家坪-创智路265号,145万,17902元/㎡
蔡家曹家湾轻轨站旁带60几平大露台的金科清水大三房,3室2厅1卫,89.2㎡,南北,中层(共8层),2016年建造,金科城37区,北碚-蔡家-嘉景大道6号,150万,16826元/㎡
照母山两江名苑伯克林 精装小三房 纯洋房社区 背后就是公园,3室2厅1卫,85.3㎡,南北,中层(共7层),2018年建造,两江名苑伯克林,渝北-照母山-龙健路6号,155万,18172元/㎡
诚售 协信城揽院 精装修跃层三房双卫 带独立阳台 视野采光棒,3室2厅2卫,98.4㎡,南北,中层(共7层),2015年建造,协信城立方揽院,沙坪坝-大学城-大学城中路6号,150万,15252元/㎡
蔡家59区豪装，业主疯狂了，只想出售房子，价都不涨了,3室2厅2卫,94.9㎡,东南,低层(共11层),2015年建造,金科城59区,北碚-蔡家-长平路66号,155万,16327元/㎡
轻轨1号线旁临湖洋房 精装修 保持好,3室2厅2卫,94.5㎡,南北,中层(共8层),2010年建造,隆鑫花漾湖,九龙坡-二郎-兰美路988号,152万,16083元/㎡
蔡家必看！龙湖天街旁小户型洋房，140几万买横厅大三房,3室2厅2卫,98.8㎡,南北,中层(共8层),2021年建造,保亿御景玖园,"北碚-蔡家-蔡支路,近金兴大道",145万,14677元/㎡
瞧过来 11中旁 金科精装洋房 价格美丽 可以洋房何必高层,3室2厅2卫,98.9㎡,南,高层(共7层),2015年建造,金科中央御院(一期),南岸-茶园新区-永宁路19号,153万,15472元/㎡
超高性价比！轻轨旁，洋房社区 配套成熟，生活方便,3室2厅2卫,97㎡,南北,中层(共8层),2021年建造,华润公园九里,渝北-中央公园-玉谷路23号,153万,15774元/㎡
7月9号上新鸳鸯汽博金山名都现代轻奢风格门口公交站,3室2厅1卫,88.6㎡,南北,低层(共11层),2008年建造,龙脊金山名都,渝北-汽博中心-金渝大道83号,140万,15807元/㎡
九公里轻轨站青岗湾精装三房两卫 电梯房 洋房 朝向好拎包入住,3室2厅2卫,89㎡,南,高层(共6层),2018年建造,曦圆青岗湾(二期),巴南-李家沱-巴南大道68号,146万,16398元/㎡
中国铁建万国城68号 3室2厅 97平 147万 满二 居家,3室2厅2卫,97.4㎡,南北,中层(共7层),2018年建造,中国铁建万国城68号,南岸-茶园新区-梨花大道570号,147万,15094元/㎡
精装修 满二 155万 南北通透 97平 诚心出售 价格可议,3室2厅1卫,97.2㎡,南北,低层(共10层),2008年建造,金科10年城东区,江北-石马河-盘溪路480号,155万,15955元/㎡
人民人小标房上清寺工行楼上正规3房，没有用过,3室2厅1卫,81㎡,南北,高层(共7层),2005年建造,中山三路172号小区,渝中-上清寺-中山三路172号,148万,18272元/㎡
豪华装修朝中庭户型，带车位价格，居家非常安静，成熟地段位置！,3室2厅2卫,94.9㎡,南,低层(共11层),2016年建造,金科城59区,北碚-蔡家-长平路66号,150万,15800元/㎡
区府旁小洋楼 采光好户型方正 小区环境优美 业主诚心出售,3室2厅1卫,89.2㎡,南北,中层(共9层),2016年建造,银翔后住,南岸-茶园新区-广福大道17号,145万,16258元/㎡
中国铁建 品质洋房 商业中心地段 出入便捷,3室2厅2卫,97.4㎡,南北,中层(共6层),2019年建造,中国铁建万国城68号,南岸-茶园新区-梨花大道570号,145万,14889元/㎡
精装修 3室2厅 电梯房 满二  住房 155万 看房方便,3室2厅1卫,97.2㎡,南,低层(共10层),2011年建造,金科10年城东区,江北-石马河-盘溪路480号,155万,15955元/㎡
59区电梯精装三房业主居家自住保养好采光好，业主诚心出售。,3室2厅2卫,94.9㎡,南,低层(共11层),2015年建造,金科城59区,北碚-蔡家-长平路66号,154万,16221元/㎡
朝南 3室2厅 89平 143万 满五  住房 银翔后住 看,3室2厅1卫,89.2㎡,南,中层(共11层),2016年建造,银翔后住,南岸-茶园新区-广福大道17号,143万,16034元/㎡
奥园广场，万国城商圈旁精致洋房 住家环境好,3室2厅2卫,97.4㎡,南北,中层(共7层),2018年建造,中国铁建万国城68号,南岸-茶园新区-梨花大道570号,145万,14889元/㎡
品质洋房金科城 三房双卫豪装修,3室2厅2卫,94.9㎡,南北,低层(共11层),2016年建造,金科城59区,北碚-蔡家-长平路66号,153万,16116元/㎡
精装修 154万 3室2厅 电梯房 94平 金科城59区 看,3室2厅2卫,94.9㎡,东南,低层(共11层),2015年建造,金科城59区,北碚-蔡家-长平路66号,154万,16221元/㎡
全茶园洋房价格 底一套！出门就是奥园和万国城商业！,3室2厅2卫,97.4㎡,南,中层(共8层),2019年建造,中国铁建万国城68号,南岸-茶园新区-梨花大道570号,145万,14889元/㎡
电梯房 金科城59区 南北通透 3室2厅 居家自住 保养好,3室2厅2卫,94.9㎡,南北,低层(共11层),2015年建造,金科城59区,北碚-蔡家-长平路66号,153万,16116元/㎡
中铁万国城四房价格是,3室2厅2卫,97.4㎡,南北,中层(共8层),2019年建造,中国铁建万国城68号,南岸-茶园新区-梨花大道570号,145万,14889元/㎡
看过来茶园中铁万国城三房双卫环境好位置好145万,3室2厅2卫,97.4㎡,南北,中层(共8层),2018年建造,中国铁建万国城68号,南岸-茶园新区-梨花大道570号,145万,14889元/㎡
快来捡趴活！刘家坪轻轨站附近，目前为止   的小洋房,3室2厅2卫,97.4㎡,东北,中层(共7层),2019年建造,中国铁建万国城68号,南岸-茶园新区-梨花大道570号,145万,14889元/㎡
145万 中国铁建万国城洋房 97平 南北通透 看房方便,3室2厅2卫,97.4㎡,南北,中层(共8层),2018年建造,中国铁建万国城68号,南岸-茶园新区-梨花大道570号,145万,14889元/㎡
茶园奥园商圈 中铁品质洋房 清水三房 145万 小区附近永辉,3室2厅2卫,97.4㎡,东北,中层(共7层),2018年建造,中国铁建万国城68号,南岸-茶园新区-梨花大道570号,145万,14889元/㎡
奥园商圈中铁洋房，版式结构诚心出售，小区环境新,3室2厅2卫,97.4㎡,南,中层(共8层),2017年建造,中国铁建万国城68号,南岸-茶园新区-梨花大道570号,145万,14889元/㎡
南北通透 满二 品质洋房 97平 看房方便 有钥匙,3室2厅2卫,97.4㎡,南北,中层(共7层),2018年建造,中国铁建万国城68号,南岸-茶园新区-梨花大道570号,143万,14684元/㎡
房东急售，奥园广场旁南北通透洋房一梯两户，高层价格买洋房。,3室2厅2卫,97.4㎡,南北,中层(共8层),2018年建造,中国铁建万国城68号,南岸-茶园新区-梨花大道570号,142万,14581元/㎡
机会！含泪降价十万急售中铁万国城洋房！茶园CBD！出门双商圈,3室2厅2卫,97.4㎡,南北,中层(共7层),2019年建造,中国铁建万国城68号,南岸-茶园新区-梨花大道570号,145万,14889元/㎡
比市场价便宜20万，纯洋房社区，6号轻轨站旁，户型好，等什么,3室2厅2卫,97.4㎡,南北,中层(共8层),2018年建造,中国铁建万国城68号,南岸-茶园新区-梨花大道570号,145万,14889元/㎡
低于市场价10万诚心售，天台岗小xue旁 南北通透采光好,3室2厅2卫,97.4㎡,南北,中层(共8层),2018年建造,中国铁建万国城68号,南岸-茶园新区-梨花大道570号,143万,14684元/㎡
双商圈旁 品质洋房 板式结构 南北通透 宽景大阳台 近轻轨,3室2厅2卫,97.4㎡,东南,中层(共7层),2019年建造,中国铁建万国城68号,南岸-茶园新区-梨花大道570号,145万,14889元/㎡
近轻轨，商圈中心的纯洋房，南北通透一梯两户，门口就是超市公交,3室2厅2卫,97.4㎡,南,中层(共6层),2018年建造,中国铁建万国城68号,南岸-茶园新区-梨花大道570号,145万,14889元/㎡
97平 电梯房 145万 南北通透 采光好 周边商圈成熟,3室2厅2卫,97.4㎡,南北,中层(共8层),2018年建造,中国铁建万国城68号,南岸-茶园新区-梨花大道570号,145万,14889元/㎡
满二 145万 南北通透 电梯房 采光好 周边商圈成熟,3室2厅2卫,97.4㎡,南北,中层(共7层),2018年建造,中国铁建万国城68号,南岸-茶园新区-梨花大道570号,145万,14889元/㎡
新上！九公里轻轨旁 精装三房两卫双阳台 电梯洋房 拎包入住,3室2厅2卫,89㎡,南,高层(共6层),2018年建造,曦圆青岗湾(二期),巴南-李家沱-巴南大道68号,145万,16285元/㎡
精致装修，住家温馨，户型0浪费，,3室2厅1卫,89.2㎡,南,中层(共11层),2016年建造,银翔后住,南岸-茶园新区-广福大道17号,145万,16258元/㎡
巴滨路上亲江洋房 轻轨房 业主稳定 环境优美 次新小区,3室2厅2卫,99.5㎡,南北,中层(共8层),2016年建造,珠江城(A区),巴南-融汇-龙汇路1488号,140万,14067元/㎡
！145万，万国城，真洋房！正规大三房双卫，南北通透！,3室2厅2卫,97.4㎡,南北,中层(共7层),2018年建造,中国铁建万国城68号,南岸-茶园新区-梨花大道570号,145万,14889元/㎡
降价出售 金童路轻轨站旁 精装三房 全新装修 业主诚心出售,3室2厅1卫,88.6㎡,南北,中层(共11层),2008年建造,龙脊金山名都,渝北-汽博中心-金渝大道83号,140万,15807元/㎡
大学城跃层洋房 现代风装修 环境优美 全新未住过人 随时看房,3室3厅2卫,95.8㎡,南北,中层(共8层),2014年建造,协信城立方玺院,沙坪坝-大学城-大学城南二路,150万,15658元/㎡
康田紫悦府 清水洋房三房双卫 首付20w 低于市场价轻轨房,3室2厅2卫,94.5㎡,南北,中层(共11层),2015年建造,康田紫悦府,沙坪坝-大学城-思贤路46号,150万,15872元/㎡
必看好房 3室2厅 电梯房 145万 诚心出售 价格可议,3室2厅2卫,97.4㎡,东北,中层(共7层),2018年建造,中国铁建万国城68号,南岸-茶园新区-梨花大道570号,145万,14889元/㎡
国盛洋房  87平141万 三房3卫 住家精装修,3室1厅3卫,86㎡,南北,中层(共11层),2016年建造,国盛园墅(A区),沙坪坝-西永-西尊路188号,141万,16396元/㎡
喜鹊！墅区洋房带30平大露台。正规3房，,3室2厅1卫,89.2㎡,东,中层(共8层),2015年建造,金科城37区,北碚-蔡家-嘉景大道6号,149.8万,16804元/㎡
160平露台茶园长生桥轻轨旁幸福时光里精装三房急售 拎包入住,3室2厅2卫,97.6㎡,东南,中层(共11层),2015年建造,幸福时光里,南岸-茶园新区-通江大道101号,145万,14865元/㎡
新上 金科十年城东区 小三室 南北朝向 155万 随时看房子,3室2厅1卫,97.2㎡,南,低层(共10层),2010年建造,金科10年城东区,江北-石马河-盘溪路480号,155万,15955元/㎡
品质小洋楼，精装3房，业主诚意出售,3室2厅1卫,83㎡,南北,中层(共11层),2015年建造,法蓝西莊邸枫丹里,南岸-茶园新区-雷家桥支路2号,145万,17470元/㎡
低于市场价20万!! 清水正三房 坐北朝南 业主急售,3室2厅2卫,86㎡,南,中层(共9层),2017年建造,鲁能泰山7号十八街区,"渝北-中央公园-兰桂大道,近金山大道",140万,16280元/㎡
金科11 南小旁  金科品质洋房  目前整个小区   的咯,3室2厅2卫,98.9㎡,南,高层(共6层),2015年建造,金科中央御院(一期),南岸-茶园新区-永宁路19号,155万,15674元/㎡
新鲜出炉 巴滨路 珠江城 豪华装修经典三房  业主急售,3室2厅1卫,98.3㎡,南北,中层(共8层),2016年建造,珠江城(A区),巴南-融汇-龙汇路1488号,158万,16082元/㎡
照母山 康田花园洋房清水3房2卫使得套内105平米 环境优美,3室2厅2卫,85.1㎡,南,中层(共8层),2016年建造,康田蔚蓝海(A区),渝北-照母山-康景路168号,150万,17637元/㎡
（鲜货急售）三房双卫 端户带私人花园 嘉陵江畔  墅区洋房,3室2厅2卫,89㎡,东南,中层(共8层),2016年建造,金科城37区,北碚-蔡家-嘉景大道6号,148万,16630元/㎡
巴滨路上轻轨站旁，电梯入户洋房，装修未入住，主卧带书房,3室2厅2卫,99.8㎡,南北,中层(共8层),2016年建造,珠江城(A区),巴南-融汇-龙汇路1488号,155万,15538元/㎡
渝中区人 小，四年级，正规三房，位子好。,3室1厅1卫,81㎡,南北,中层(共8层),1999年建造,中山三路172号小区,渝中-上清寺-中山三路172号,150万,18519元/㎡
金科洋房 三房两厅两卫 带车位 业主安心惨了,3室2厅2卫,96㎡,南北,低层(共10层),2017年建造,金科城59区,北碚-蔡家-长平路66号,155万,16146元/㎡
协信城立方揽院 158万 精装修 3室2厅 朝南 采光好,3室2厅2卫,98.4㎡,南,中层(共7层),2018年建造,协信城立方揽院,沙坪坝-大学城-大学城中路6号,158万,16066元/㎡
149万 97平 3室2厅 电梯房 美的金科郡 满二 诚心出,3室2厅1卫,97.2㎡,北,中层(共8层),2018年建造,美的金科郡,"沙坪坝-西永-西双大道147号,学城大道130号",149万,15323元/㎡
电梯房 精装修 满二 140万带车位出售  看房方便 有钥匙,3室2厅2卫,98.3㎡,南北,中层(共11层),2018年建造,千威先生的洋房,渝北-空港-观月大道77号,140万,14247元/㎡
隆鑫爱琴海 93平 140万 精装修 楼层好 视野无遮挡,3室2厅1卫,93.6㎡,北,中层(共8层),2016年建造,隆鑫爱琴海(1期),北碚-蔡家-同华路78号,140万,14964元/㎡
龙湖天街旁边 送产权车位 就在轻轨旁边,3室2厅2卫,92.1㎡,南北,中层(共8层),2021年建造,保亿御景玖园,"北碚-蔡家-蔡支路,近金兴大道",149.99万,16281元/㎡
精装洋房大平层 结房精装修  纯洋房区 高素质住户 拎包入主,3室2厅2卫,90㎡,南北,低层(共9层),2018年建造,佳兆业珑樾壹号,"沙坪坝-曾家-大学城南二路,近思贤路",150万,16667元/㎡
59区豪华装修 处处是细节 风格大气有格调 户型方正环境优美,3室2厅2卫,94.9㎡,南,低层(共11层),2015年建造,金科城59区,北碚-蔡家-长平路66号,154万,16221元/㎡
小区环境优美，户型方正。配套措施齐全。交通方便。,3室2厅2卫,86.4㎡,南北,中层(共8层),2018年建造,鲁能领秀城四街区(洋墅区),南岸-茶园新区-吉庆路54号,149万,17248元/㎡
龙湖商业街旁 花园洋房 住家精装 拎包入住,3室2厅2卫,90.5㎡,南北,中层(共8层),2016年建造,越昕晖,巴南-融汇-西流沱三村99号,142万,15698元/㎡
两江新区，江湾洋房，带50平米星空大露台，曹家湾轻轨站旁,3室2厅1卫,89.2㎡,南,中层(共7层),2017年建造,金科城37区,北碚-蔡家-嘉景大道6号,150万,16826元/㎡
紧靠公园 中庭花园洋房 南北朝向 精装正规三室 降价急售,3室2厅2卫,94.8㎡,南北,中层(共6层),2008年建造,半山七号,九龙坡-石桥铺-经纬大道1099号,155万,16352元/㎡
西永 金科郡150万 电梯房 采光好 周边商圈成熟 品质物业,3室2厅1卫,97.2㎡,南,低层(共11层),2018年建造,美的金科郡,"沙坪坝-西永-西双大道147号,学城大道130号",150万,15426元/㎡
精装修洋房 位置安静 全新装修 随时看房,3室3厅2卫,95.8㎡,南北,中层(共8层),2016年建造,协信城立方玺院,沙坪坝-大学城-大学城南二路,150万,15658元/㎡
一奥天地旁金山名都全新装修三房临近轻轨汽博商圈有钥匙,3室2厅1卫,88.6㎡,南北,中层(共11层),2010年建造,龙脊金山名都,渝北-汽博中心-金渝大道83号,145万,16372元/㎡
中国铁建万国城68号 97平 满二  住房 3室2厅 看房方,3室2厅2卫,97.4㎡,南北,中层(共7层),2017年建造,中国铁建万国城68号,南岸-茶园新区-梨花大道570号,145万,14889元/㎡
银翔翡翠谷小洋楼精装3房1卫 带家具家电领包入住,3室2厅1卫,89.2㎡,南北,中层(共9层),2014年建造,银翔后住,南岸-茶园新区-广福大道17号,145万,16258元/㎡
3室2厅 155万 精装修 满五 97平 金科10年城东区,3室2厅1卫,97.2㎡,南北,低层(共10层),2008年建造,金科10年城东区,江北-石马河-盘溪路480号,155万,15955元/㎡
金科品质电梯洋房 豪装 全中庭！中间楼层,3室2厅2卫,98.9㎡,南北,高层(共7层),2017年建造,金科中央御院(一期),南岸-茶园新区-永宁路19号,155万,15674元/㎡
带车位！！！！法兰西豪装三房,3室2厅1卫,83㎡,南北,中层(共11层),2015年建造,法蓝西莊邸枫丹里,南岸-茶园新区-雷家桥支路2号,145万,17470元/㎡
金科城豪装三房双卫 全屋  家具家电 拎包入住 可带车位出售,3室2厅2卫,94.9㎡,南,低层(共11层),2015年建造,金科城59区,北碚-蔡家-长平路66号,154万,16221元/㎡
汽博 龙脊金山名都 南北通透 148万 精装修 楼层好,3室2厅1卫,88.6㎡,南北,低层(共11层),2011年建造,龙脊金山名都,渝北-汽博中心-金渝大道83号,148万,16710元/㎡
茶园  附二院  广阳岛  精装三房双卫  拎包入住 朝中庭,3室2厅2卫,98㎡,南北,中层(共11层),2019年建造,奥园越时代(C区),南岸-刘家坪-创智路265号,145万,14796元/㎡
龙湖天街旁金科十年城，住家三房，南北通透小洋房，出门就是环线,3室2厅1卫,97.2㎡,南北,低层(共10层),2010年建造,金科10年城东区,江北-石马河-盘溪路480号,155万,15955元/㎡
万国城68号 小区环境优美 3室两厅 户型反正采光通风好,3室2厅2卫,97.4㎡,南北,中层(共8层),2018年建造,中国铁建万国城68号,南岸-茶园新区-梨花大道570号,143万,14684元/㎡
145万 满二  住房 3室2厅 95平 房东急置换 诚意买,3室2厅2卫,95.8㎡,南北,中层(共7层),2018年建造,协信城立方玺院,沙坪坝-大学城-大学城南二路,145万,15136元/㎡
145万 南北通透 3室2厅 中国铁建万国城68号 97平,3室2厅2卫,97.4㎡,南北,中层(共8层),2018年建造,中国铁建万国城68号,南岸-茶园新区-梨花大道570号,145万,14889元/㎡
旁边轻轨站，茶园   ，小洋楼，品质好，装修25万,3室2厅2卫,84㎡,南北,中层(共11层),2016年建造,奥园越时代(C区),南岸-刘家坪-创智路265号,140万,16667元/㎡
电梯房 155万 精装修 金科10年城东区 3室2厅 看房方,3室2厅1卫,97.2㎡,南,低层(共10层),2011年建造,金科10年城东区,江北-石马河-盘溪路480号,155万,15955元/㎡
97平 南北通透  3室2厅 电梯房 诚心出售 价格便宜,3室2厅2卫,97.4㎡,南北,中层(共8层),2018年建造,中国铁建万国城68号,南岸-茶园新区-梨花大道570号,145万,14889元/㎡
石马河品质三房，业主出国挥泪急售，低于市价,3室2厅1卫,97.2㎡,南北,低层(共10层),2011年建造,金科10年城东区,江北-石马河-盘溪路480号,154.8万,15935元/㎡
全茶园  有性价比的洋房 三房双卫 近商圈 近轻轨 随时看房,3室2厅2卫,97.4㎡,南北,中层(共7层),2018年建造,中国铁建万国城68号,南岸-茶园新区-梨花大道570号,145万,14889元/㎡
南北通透 双阳台 155万价格可谈 洋房社区 靠近龙湖源著,3室2厅1卫,97.2㎡,东南,低层(共10层),2008年建造,金科10年城东区,江北-石马河-盘溪路480号,155万,15955元/㎡
三房双卫业主低价出售,3室2厅2卫,97.4㎡,南北,中层(共8层),2018年建造,中国铁建万国城68号,南岸-茶园新区-梨花大道570号,145万,14889元/㎡
中铁万国城68号 天台岗对面 三房双卫 近商场邻公园繁华地段,3室2厅2卫,97.4㎡,南,中层(共8层),2019年建造,中国铁建万国城68号,南岸-茶园新区-梨花大道570号,145万,14889元/㎡
电梯房 145万 97平 3室2厅 中国铁建万国城68号 朝,3室2厅2卫,97.4㎡,南,中层(共7层),2018年建造,中国铁建万国城68号,南岸-茶园新区-梨花大道570号,145万,14889元/㎡
茶园核心，中铁品质，三房洋房，只要147万,3室2厅2卫,97.4㎡,南,中层(共8层),2019年建造,中国铁建万国城68号,南岸-茶园新区-梨花大道570号,145万,14889元/㎡
茶园刘家坪 永辉旁边 商圈房    内配套完善 诚心出售,3室2厅2卫,97.4㎡,南北,中层(共7层),2019年建造,中国铁建万国城68号,南岸-茶园新区-梨花大道570号,142万,14581元/㎡
房源 近地铁 双商圈 纯洋房社区 3房2卫145万,3室2厅2卫,97.4㎡,南,中层(共7层),2018年建造,中国铁建万国城68号,南岸-茶园新区-梨花大道570号,145万,14889元/㎡
商铺旁   近轻轨  低于市场价业主急售,3室2厅2卫,97.4㎡,南北,中层(共7层),2018年建造,中国铁建万国城68号,南岸-茶园新区-梨花大道570号,142万,14581元/㎡
首付25万。品质楼盘价格可小刀。周边配套齐全,3室2厅2卫,97.4㎡,南北,低层(共10层),2019年建造,保利金香槟(三区),九龙坡-华岩新城-华美二路9号,140万,14376元/㎡
蔡家纯洋房社区，高居住品质,3室2厅1卫,93.6㎡,南,中层(共8层),2015年建造,隆鑫爱琴海(1期),北碚-蔡家-同华路78号,140万,14964元/㎡
电梯房 145万 中国铁建万国城68号 满二 3室2厅 楼层,3室2厅2卫,97.4㎡,南北,中层(共7层),2019年建造,中国铁建万国城68号,南岸-茶园新区-梨花大道570号,145万,14889元/㎡
金科11 南小旁  金科品质洋房  目前整个小区   的咯,3室2厅2卫,98.9㎡,南,高层(共6层),2015年建造,金科中央御院(一期),南岸-茶园新区-永宁路19号,153万,15472元/㎡
金科品质 现代装修风格 94平3室2厅2卫户型业主诚心出售,3室2厅2卫,94.9㎡,南北,低层(共11层),2017年建造,金科城59区,北碚-蔡家-长平路66号,154万,16221元/㎡
巴滨路，珠江城！次新房，豪装洋房，板式结构！挨公园近轻轨,3室2厅1卫,98.1㎡,南北,中层(共8层),2015年建造,珠江城(A区),巴南-融汇-龙汇路1488号,157万,16001元/㎡
融汇半岛  越昕晖 洋房小区 精装修 三房 拎包入住,3室2厅2卫,90.5㎡,南,中层(共8层),2014年建造,越昕晖,巴南-融汇-西流沱三村99号,142万,15698元/㎡
电梯房 150万 85平 3室2厅 弘阳昕悦棠 采光好 周边,3室2厅1卫,85㎡,南北,中层(共8层),2021年建造,弘阳昕悦棠,渝北-两路-桂馥大道25号,150万,17648元/㎡
壹中后门 沙区体育馆 晨光小区中装两房 步梯二楼 朝向安静,2室2厅1卫,90㎡,南北,低层(共9层),2000年建造,晨光小区,"沙坪坝-三峡广场-汉渝路,近龙泉路",150万,16667元/㎡
业主急售，可改三房 140万带产权车位买精装品质洋房,2室2厅1卫,94㎡,南,中层(共6层),2016年建造,沿海赛洛城(A区),北碚-城南新区-冯时行路800号,140万,14889元/㎡
凤天锦园丶楼下就是图书馆轻轨站丶一梯三户丶住家安静,2室2厅1卫,94㎡,南北,中层(共11层),2003年建造,凤天锦园,沙坪坝-凤天路-凤天大道97号,149万,15852元/㎡
金科城精装3房140万买洋房,3室2厅1卫,81㎡,南,中层(共8层),2017年建造,金科城59区,北碚-蔡家-长平路66号,140万,17284元/㎡
中央公园经典三房洋房出售，10号线鹿山轻轨站200米,3室2厅2卫,99㎡,南北,高层(共7层),2020年建造,荣盛鹿山府,"渝北-中央公园-金州大道,近万康路",142万,14344元/㎡
炸了！中央公园爆盘！鹿山轻轨站旁！145万起买渝北三房！,3室2厅2卫,99㎡,南北,中层(共8层),2021年建造,荣盛鹿山府,"渝北-中央公园-金州大道,近万康路",143万,14445元/㎡
中央公园经典洋房，靠近轻轨9号线春华站  旁边就是商业街,3室2厅2卫,99㎡,南北,中层(共8层),2020年建造,海成云境,渝北-空港新城-睦邻路10号,142万,14344元/㎡
内购房源！陈家桥叠拼头牌 超高赠送 居住   三轻轨环绕,3室2厅2卫,91㎡,南北,中层(共8层),2020年建造,佳兆业晓岸云起,沙坪坝-陈家桥-学城大道,150万,16484元/㎡
渝北回兴！精装修洋房！近轻轨商业！特价,3室2厅2卫,90㎡,南北,中层(共8层),2019年建造,融信海月平湖,渝北-回兴-宝桐路56号,153万,17000元/㎡
捡漏房源南坪城芯，舒适三房，南坪，近轻轨，支持公积金,3室2厅2卫,99㎡,南北,中层(共8层),2019年建造,中梁海成南山云璟,"南岸-四公里-广黔路,近海峡路",140万,14142元/㎡
渝北公园，特推！鹿山轻轨站旁，洋房三房双卫，南北通透,3室2厅2卫,99㎡,南北,中层(共8层),2021年建造,荣盛鹿山府,"渝北-中央公园-金州大道,近万康路",142万,14344元/㎡
渝北！回兴！轻轨300米！精装洋房！地段成熟！双轻轨配套,3室2厅2卫,90㎡,南北,中层(共8层),2021年建造,融信海月平湖,渝北-回兴-宝桐路56号,144万,16000元/㎡
99平 151万 3室2厅 电梯房 楼层好 视野无遮挡,3室2厅2卫,99㎡,南北,中层(共8层),2021年建造,华远海蓝和光,沙坪坝-陈家桥-慧堂路,151万,15253元/㎡
150万起买中央公园  品质洋房 近轻轨  近商业 配套成熟,3室2厅2卫,89㎡,南北,中层(共8层),2021年建造,荣盛鹿山府,"渝北-中央公园-金州大道,近万康路",150万,16854元/㎡
首付30万买千亿商圈杨家坪三房双轻轨出行南北通透,3室2厅2卫,89㎡,南北,中层(共8层),2020年建造,海纳九龙,九龙坡-杨家坪-龙江支路,149万,16742元/㎡
首付30万  买万科精装两房  一楼带花园,3室2厅2卫,89㎡,南北,中层(共8层),2018年建造,万科未来星光,"渝北-悦来-金兴大道,近翠岗路",145万,16293元/㎡
杨家坪 超人气楼盘地段 总价150万左右买九龙半岛品质洋房，,3室2厅2卫,90㎡,南北,中层(共8层),2021年建造,荣安九龙壹号,"九龙坡-杨家坪-龙江支路,近龙江路",152万,16889元/㎡
江北核心地段三房  双轻轨  近商圈 央企品质户型方正,3室2厅2卫,98㎡,南北,中层(共8层),2020年建造,保利阅江台,"江北-石马河-盘溪路,近盘溪一支路",158万,16123元/㎡
九龙坡杨家核心商圈 品质小高层 近轻轨 五洲书店 中迪广场,3室2厅2卫,96㎡,南北,中层(共9层),2020年建造,荣安九龙壹号,"九龙坡-杨家坪-龙江支路,近龙江路",156万,16250元/㎡
9折急卖！捡趴活！大竹林！,3室2厅2卫,99㎡,南北,中层(共8层),2017年建造,金科天元道砚北A组团,渝北-大竹林-龙凼路9号,153万,15455元/㎡
打造！九龙半岛！杨家坪商圈！轻轨站旁！,3室2厅2卫,89㎡,南北,中层(共11层),2020年建造,海纳九龙,九龙坡-杨家坪-龙江支路,156万,17529元/㎡
中央公园 轻轨站旁 洋房社区 配套成熟 在售小户型 首付两层,3室2厅2卫,97㎡,南北,中层(共8层),2021年建造,华润公园九里,渝北-中央公园-玉谷路23号,149万,15361元/㎡
蔡家必看！龙湖天街旁小户型洋房，140几万买横厅大三房,3室2厅2卫,98.8㎡,南,中层(共8层),2021年建造,保亿御景玖园,"北碚-蔡家-蔡支路,近金兴大道",145万,14677元/㎡
中央公园丶万科品质丶 特价丶 精装 横厅大三房,3室2厅2卫,98.9㎡,南北,中层(共8层),2020年建造,万科森林公园,"渝北-中央公园-甘悦大道,近春华大道",150万,15175元/㎡
高新区品质精装洋房丶带中央空调地暖新风丶近地铁丶首付三成,3室2厅2卫,99㎡,南北,中层(共8层),2020年建造,龙湖西宸原著,沙坪坝-陈家桥-香礼路2号,150万,15152元/㎡
保~真！（可刀）礼嘉核心区域！华宇精装修三房！带新风地暖,3室2厅2卫,96㎡,南北,中层(共8层),2018年建造,华宇旭辉御璟湖山,渝北-礼嘉-礼敬路699号,146万,15209元/㎡
特价房 九龙坡杨家坪 新奢低密度平层,3室2厅2卫,89㎡,南北,中层(共8层),2020年建造,海纳九龙,九龙坡-杨家坪-龙江支路,150万,16854元/㎡
近刘家平地铁站南北通透板式洋房看房方便诚心出售,3室2厅2卫,97.4㎡,南北,中层(共7层),2018年建造,中国铁建万国城68号,南岸-茶园新区-梨花大道570号,145万,14889元/㎡
昕悦棠 中央公园 上市名企 1T2户品质洋楼 南北双阳台,3室2厅1卫,85㎡,南北,中层(共8层),2020年建造,弘阳昕悦棠,渝北-两路-桂馥大道25号,146万,17177元/㎡
真实急卖！沙区汉渝路 晨光小区 中装两房 低楼层,2室2厅1卫,90㎡,南北,低层(共9层),2000年建造,晨光小区,"沙坪坝-三峡广场-汉渝路,近龙泉路",150万,16667元/㎡
首付30万抢中央公园轻轨洋房 正规三房两卫格局 总价145万,3室2厅2卫,99㎡,南北,中层(共8层),2020年建造,荣盛鹿山府,"渝北-中央公园-金州大道,近万康路",145万,14647元/㎡
首付三成，抢中央公园后小户型，轻轨洋房丶横厅三房,3室2厅2卫,90㎡,南北,中层(共8层),2021年建造,海成云境,渝北-空港新城-睦邻路10号,140.1万,15567元/㎡
99平 151万 3室2厅 电梯房 楼层好 视野无遮挡,3室2厅2卫,99㎡,南北,中层(共8层),2021年建造,华远海蓝和光,沙坪坝-陈家桥-慧堂路,151万,15253元/㎡
！渝北中央公园洋房社区 10号轻轨房 高端品质 配套成熟,3室2厅2卫,97㎡,南北,中层(共8层),2018年建造,荣盛鹿山府,"渝北-中央公园-金州大道,近万康路",140万,14433元/㎡
九龙坡杨家坪商圈 品质小高层 近轻轨 近万象城 超大阳台,3室2厅2卫,96㎡,南北,中层(共9层),2020年建造,荣安九龙壹号,"九龙坡-杨家坪-龙江支路,近龙江路",158万,16459元/㎡
杨家坪 超人气楼盘地段 总价150万左右买九龙半岛品质洋房，,3室2厅2卫,90㎡,南北,中层(共8层),2011年建造,荣安九龙壹号,"九龙坡-杨家坪-龙江支路,近龙江路",152万,16889元/㎡
好消息 今日加推洋房 145万入住中央公园 鹿山轻轨旁,3室2厅2卫,99㎡,东南,中层(共11层),2021年建造,荣盛鹿山府,"渝北-中央公园-金州大道,近万康路",145万,14647元/㎡
奥园广场旁，刘家坪轻轨站附近，目前为止   的小洋房,3室2厅2卫,97.4㎡,东北,中层(共7层),2019年建造,中国铁建万国城68号,南岸-茶园新区-梨花大道570号,145万,14889元/㎡
新上房源！ 晨光小区 中装两房 步梯二楼 朝向安静,2室2厅1卫,90㎡,南北,低层(共9层),2000年建造,晨光小区,"沙坪坝-三峡广场-汉渝路,近龙泉路",150万,16667元/㎡
渝北中央公园鹿山轻轨站旁小洋房2站江北机场3站悦来配套成熟,3室2厅2卫,99㎡,南北,中层(共11层),2021年建造,荣盛鹿山府,"渝北-中央公园-金州大道,近万康路",158.88万,16049元/㎡
沙坪坝三星智慧小区花园洋房，树人，3中家门口，配套成熟,3室2厅2卫,99.6㎡,南北,中层(共8层),2020年建造,华远海蓝和光,沙坪坝-陈家桥-慧堂路,147万,14765元/㎡
中央公园！住洋房！近轻轨的清水小户！懂得都懂！,3室2厅2卫,97㎡,南北,低层(共11层),2020年建造,华润公园九里,渝北-中央公园-玉谷路23号,143万,14743元/㎡
杨家坪商圈三房低首付，双轻轨，品质大阳台，周边配套成熟,3室2厅2卫,90㎡,南北,中层(共8层),2021年建造,荣安九龙壹号,"九龙坡-杨家坪-龙江支路,近龙江路",152万,16889元/㎡
九龙坡杨家核心商圈 品质小高层 近轻轨 五洲书店 中迪广场,3室2厅2卫,96㎡,南北,中层(共9层),2020年建造,荣安九龙壹号,"九龙坡-杨家坪-龙江支路,近龙江路",156万,16250元/㎡
可VR线上看房！员工特价！海成横厅三房小洋楼！临轻轨临公园！,3室2厅2卫,90㎡,南北,中层(共8层),2021年建造,海成云境,渝北-空港新城-睦邻路10号,150万,16667元/㎡
近轻轨近商圈，钥匙在手看房方便，诚售，低总价洋房仅需145W,3室2厅2卫,97.4㎡,南北,中层(共8层),2019年建造,中国铁建万国城68号,南岸-茶园新区-梨花大道570号,145万,14889元/㎡
中央公园经典三房洋房出售，10号线鹿山轻轨站200米,3室2厅2卫,99㎡,南北,高层(共7层),2020年建造,荣盛鹿山府,"渝北-中央公园-金州大道,近万康路",142万,14344元/㎡
特价房！科学城开发商清盘房源 沙区  三星智能小区 金科物业,3室2厅2卫,99.4㎡,南北,中层(共8层),2020年建造,华远海蓝和光,沙坪坝-陈家桥-慧堂路,140万,14081元/㎡
九龙坡杨家坪 商圈品质小高层 近轻轨 近商圈 资源好,3室2厅2卫,96㎡,南北,中层(共9层),2020年建造,荣安九龙壹号,"九龙坡-杨家坪-龙江支路,近龙江路",158万,16459元/㎡
中央公园 10号线轻轨一梯两户板式洋房 近公园近商业,3室2厅2卫,97㎡,南北,中层(共11层),2020年建造,华润公园九里,渝北-中央公园-玉谷路23号,142万,14640元/㎡
公园现在售  三房轻轨小洋楼 近轻轨近公园,3室2厅2卫,97㎡,南北,低层(共11层),2020年建造,荣盛鹿山府,"渝北-中央公园-金州大道,近万康路",150万,15464元/㎡
中央公园 后145万级洋楼开盘 三房两卫端头户型,3室2厅2卫,97㎡,南北,中层(共11层),2020年建造,荣盛鹿山府,"渝北-中央公园-金州大道,近万康路",145万,14949元/㎡
好消息 中央公园加推洋房 140万即可拥有 近轻轨 近公园,3室2厅2卫,89㎡,南北,低层(共9层),2020年建造,荣盛鹿山府,"渝北-中央公园-金州大道,近万康路",140万,15731元/㎡
公园品质洋房鹿山府 出门即轻轨站  两江国际商务,3室2厅2卫,99㎡,南北,中层(共8层),2021年建造,荣盛鹿山府,"渝北-中央公园-金州大道,近万康路",149万,15051元/㎡
中央公园小洋房 加推2期，5轻轨换乘 3房4房欢迎咨询,3室2厅2卫,90㎡,南北,中层(共10层),2020年建造,弘阳昕悦棠,渝北-两路-桂馥大道25号,143万,15889元/㎡
！抢中央公园轻轨洋房丶横厅三房,3室2厅2卫,90㎡,南北,中层(共8层),2021年建造,海成云境,渝北-空港新城-睦邻路10号,143.1万,15900元/㎡
渝北公园，鹿山轻轨站旁，洋房三房双卫，南北通透，成熟社区,3室2厅2卫,99㎡,南北,中层(共8层),2021年建造,荣盛鹿山府,"渝北-中央公园-金州大道,近万康路",149万,15051元/㎡
"抢！曹家湾轻轨旁，小户型洋房，星空阳台，朝阳小,学旁,近商业",3室2厅2卫,89㎡,南北,中层(共8层),2020年建造,玖著天宸,"北碚-蔡家-同康路,近同泰路",145.6万,16360元/㎡
3室2厅 98平 电梯房 南北通透 泷悦华府 居家自住 保养,3室2厅2卫,98.6㎡,南北,中层(共8层),2020年建造,泷悦华府,"沙坪坝-陈家桥-大学城北路,近陈南路",150万,15217元/㎡
王炸！王炸！中央公园头排丶万科精装洋房丶抓紧上车,3室2厅2卫,100㎡,南北,中层(共8层),2018年建造,万科森林公园,"渝北-中央公园-甘悦大道,近春华大道",150万,15008元/㎡
协信城立方洋房全新精装，带车位三房二卫大阳台户型方正视野宽广,3室2厅2卫,98.2㎡,东南,中层(共7层),2016年建造,协信城立方揽院,沙坪坝-大学城-大学城中路6号,148万,15070元/㎡
新房源！惊爆价！晨光小区！低楼层 正规两房 直降5万！,2室2厅1卫,90㎡,南北,低层(共9层),2003年建造,晨光小区,"沙坪坝-三峡广场-汉渝路,近龙泉路",148万,16445元/㎡
茶园南140万起买低密度星空洋墅300平全落地窗带花园露台,3室2厅3卫,93㎡,南北,中层(共8层),2019年建造,领地观云府,巴南-鹿角-华林路918号,140万,15054元/㎡
南北通透 蔡家龙湖天街旁 横厅洋房 公园邻商圈,3室2厅2卫,92.1㎡,南北,中层(共8层),2011年建造,保亿御景玖园,"北碚-蔡家-蔡支路,近金兴大道",144.44万,15678元/㎡
中央公园 鹿山轻轨站旁 品质小洋楼,3室2厅2卫,99㎡,南北,中层(共8层),2020年建造,荣盛鹿山府,"渝北-中央公园-金州大道,近万康路",150万,15152元/㎡
四月特价 山姆会员已经开业 华宇品质大盘  配套齐全 近轻轨,3室2厅1卫,94㎡,南北,中层(共8层),2018年建造,华宇旭辉御璟湖山,渝北-礼嘉-礼敬路699号,157万,16703元/㎡
隆鑫鸿府精装修全系智能家具业主未长住房间9成新看房方便,3室2厅1卫,94㎡,南北,中层(共11层),2017年建造,隆鑫鸿府,"渝北-农业园区-宝环路,近宝石路",145万,15426元/㎡
两江新区洋房产品，交通便利全新加推3室两厅两卫洋房产品,3室2厅2卫,98.8㎡,南北,中层(共8层),2021年建造,保亿御景玖园,"北碚-蔡家-蔡支路,近金兴大道",152万,15385元/㎡
渝北回兴，轻轨洋房，房屋出售，南北通透！,3室2厅2卫,99㎡,南北,中层(共8层),2021年建造,爱情天宸万璟,渝北-农业园区-服装城大道,143万,14445元/㎡
首开 两江新区蔡家商圈 龙湖天街洋房横厅设计近公园 近轻轨,3室2厅2卫,98.8㎡,南北,中层(共8层),2021年建造,保亿御景玖园,"北碚-蔡家-蔡支路,近金兴大道",140万,14171元/㎡
时代天街旁 奥体中心 高品质洋楼 紧邻轻轨站住家的好选择,3室2厅2卫,88㎡,南,中层(共8层),2020年建造,金辉玖珑云璟,"九龙坡-奥体中心-龙腾大道,近奥体四支路",147万,16705元/㎡
首付30万买万科精装两房一楼带花园,3室2厅2卫,89㎡,南北,中层(共8层),2018年建造,万科未来星光,"渝北-悦来-金兴大道,近翠岗路",145万,16293元/㎡
首付30万抢中央公园轻轨洋房 正规三房两卫格局 总价145万,3室2厅2卫,89㎡,南北,中层(共8层),2021年建造,荣盛鹿山府,"渝北-中央公园-金州大道,近万康路",145万,16293元/㎡
渝北中央公园旁丶轻轨50米三轻轨交汇丶保利品质三房丶数据谷,3室2厅2卫,95㎡,南北,中层(共8层),2000年建造,保利和光尘樾,"渝北-悦来-悦清大道,近悦港大道",150万,15790元/㎡
两江新区洋房产品，交通便利全新加推3室两厅两卫洋房产品,3室2厅2卫,98.8㎡,南北,中层(共8层),2021年建造,保亿御景玖园,"北碚-蔡家-蔡支路,近金兴大道",152万,15385元/㎡
渝北！公园东 150万买 10号轻轨鹿山旁  纯洋房社区,3室2厅2卫,99㎡,南北,中层(共8层),2020年建造,荣盛鹿山府,"渝北-中央公园-金州大道,近万康路",145万,14647元/㎡
业主诚心出售！洋房！带露台！使用面积大！户型好！无浪费！安静,3室2厅2卫,84㎡,北,中层(共7层),2017年建造,鲁能泰山7号十二街区,渝北-中央公园-嘉业路1号,195万,23215元/㎡
85平 满二  住房 3室2厅 电梯房 鲁能泰山7号十九街区,3室2厅2卫,85㎡,北,中层(共9层),2018年建造,鲁能泰山7号十九街区,"渝北-中央公园-兰桂大道,近金山大道",180万,21177元/㎡
大坪万科锦尚三期精装三房，未住人，业主换房急售,3室2厅1卫,88.9㎡,东,低层(共10层),2016年建造,万科锦尚,九龙坡-石桥铺-罗汉沟26号,180万,20248元/㎡
急售好房推荐中央公园 鲁能品质洋房 三房朝南 业主诚心稳定,3室2厅2卫,89㎡,南,中层(共9层),2019年建造,鲁能泰山7号十八街区,"渝北-中央公园-兰桂大道,近金山大道",182万,20450元/㎡
业主急售中央公园豪华装修3房，周边配套成熟，紧邻轻轨商圈公园,3室2厅2卫,87㎡,北,中层(共7层),2017年建造,鲁能泰山7号十二街区,渝北-中央公园-嘉业路1号,190万,21840元/㎡
鲁能泰山7号十七街区 180万 电梯房 南北通透 3室2厅,3室2厅2卫,85㎡,南北,低层(共9层),2017年建造,鲁能泰山7号十七街区,渝北-中央公园-博汇路10号,180万,21177元/㎡
业主稳定，价格可谈！纯洋房组团，内圈位置，拎包入住，看房方便,3室2厅2卫,96.6㎡,北,中层(共11层),2017年建造,康田蔚蓝海(B区),渝北-照母山-星融路66号,180万,18632元/㎡
急售！金科东方王榭跃层洋房精装三房双卫中间楼层朝中庭配套成熟,3室2厅2卫,99㎡,南北,中层(共6层),2008年建造,金科东方王榭,渝北-人和-金开大道3号,180万,18182元/㎡
业主急售带车位 金科别墅品质 居家安静 临近融创渝乐小镇,3室2厅1卫,95.7㎡,南,低层(共11层),2017年建造,金科天宸一街区,沙坪坝-土主-永祥路106号,181万,18922元/㎡
价格真实，业主诚心出售，朝南中庭，采光好。户型方正。近商业。,3室2厅2卫,86㎡,南,中层(共9层),2017年建造,鲁能泰山7号十八街区,"渝北-中央公园-兰桂大道,近金山大道",192万,22326元/㎡
江北核心地段品质小区房双轻轨央企品质户型方正,3室2厅2卫,98㎡,南北,中层(共8层),2020年建造,保利阅江台,"江北-石马河-盘溪路,近盘溪一支路",184万,18776元/㎡
中央公园带露台洋房，周边配套成熟，紧邻轻轨商圈公园，业主急售,3室2厅2卫,86㎡,南,中层(共7层),2017年建造,鲁能泰山7号十二街区,渝北-中央公园-嘉业路1号,185万,21512元/㎡
融创凡尔赛香榭 精装修 195万 电梯房 诚心出售 价格可议,3室2厅2卫,97㎡,南北,中层(共8层),2014年建造,融创凡尔赛香榭,渝北-照母山-星融路15号,195万,20104元/㎡
3室2厅 85平 185万 满二 楼层好 视野无遮挡,3室2厅2卫,85㎡,南,低层(共9层),2017年建造,鲁能泰山7号十七街区,渝北-中央公园-博汇路10号,185万,21765元/㎡
鲁能洋房三房双卫超中庭轻轨都在旁边,3室2厅2卫,85㎡,南,低层(共9层),2017年建造,鲁能泰山7号十九街区,"渝北-中央公园-兰桂大道,近金山大道",186万,21883元/㎡
金科天籁城美社 2室2厅 满五 143万 楼层好 视野无遮挡,2室2厅2卫,93㎡,南北,中层(共11层),2005年建造,金科天籁城美社,渝北-人和-双宁路172号,143万,15377元/㎡
沙区 城城 陈家桥 纯洋房 智慧小区 7米阔景阳台,3室2厅2卫,99㎡,南北,中层(共8层),2019年建造,华远海蓝和光,沙坪坝-陈家桥-慧堂路,141.9万,14334元/㎡
中央公园稀有小户型加推！轻轨200米！成熟配套！,3室2厅2卫,99㎡,南北,中层(共8层),2020年建造,荣盛鹿山府,"渝北-中央公园-金州大道,近万康路",148.88万,15039元/㎡
电梯房 南北通透 150万 华远海蓝和光 采光好 周边商圈成,3室2厅2卫,99㎡,南北,中层(共8层),2020年建造,华远海蓝和光,沙坪坝-陈家桥-慧堂路,150万,15152元/㎡
145万买三房中央公园轻轨站500米 洋房社区加推小户型,3室2厅2卫,97㎡,南北,中层(共8层),2020年建造,华润公园九里,渝北-中央公园-玉谷路23号,145万,14949元/㎡
中央公园轻轨洋房，投资自住都是 之选， 户型端正性价比高,3室2厅2卫,99㎡,南北,中层(共8层),2021年建造,荣盛鹿山府,"渝北-中央公园-金州大道,近万康路",140万,14142元/㎡
渝北中央公园  鹿山轻轨站就在旁边 高端品质,3室2厅2卫,89㎡,南北,中层(共8层),2021年建造,荣盛鹿山府,"渝北-中央公园-金州大道,近万康路",149万,16742元/㎡
中央公园旁边 唔悦广场旁 清水三房,3室2厅2卫,85㎡,北,中层(共9层),2017年建造,鲁能泰山7号十七街区,渝北-中央公园-博汇路10号,180万,21177元/㎡
渝中 万科锦尚3期洋房 2018年次新小区 三轻轨 还有车位,3室2厅1卫,88.9㎡,东,低层(共11层),2018年建造,万科锦尚,九龙坡-石桥铺-罗汉沟26号,180万,20248元/㎡
100平 板式洋房，简单基装修正规三室两卫，小区环境优美,3室2厅2卫,97㎡,南,中层(共8层),2017年建造,融创凡尔赛香榭,渝北-照母山-星融路15号,195万,20104元/㎡
鲁能泰山洋房4房2卫，朝中庭，采光好，业主诚心出售,3室2厅2卫,85㎡,南,中层(共9层),2019年建造,鲁能泰山7号十九街区,"渝北-中央公园-兰桂大道,近金山大道",185万,21765元/㎡
热爆中央公园轻轨房 公园环绕 周边成熟 地铁三百米 错过再无,3室2厅2卫,89㎡,南北,中层(共8层),2021年建造,荣盛鹿山府,"渝北-中央公园-金州大道,近万康路",140万,15731元/㎡
业主急售！万科锦尚三期洋房！精装从未住过人，带车位,3室2厅1卫,88.9㎡,南北,低层(共10层),2018年建造,万科锦尚,九龙坡-石桥铺-罗汉沟26号,190万,21373元/㎡
！渝北中央公园洋房社区 10号轻轨房 高端品质 配套成熟,3室2厅2卫,97㎡,南北,中层(共8层),2018年建造,荣盛鹿山府,"渝北-中央公园-金州大道,近万康路",140万,14433元/㎡
惊喜！渝北！公园东10号轻轨鹿山旁纯洋房社区,3室2厅2卫,99㎡,南北,中层(共8层),2020年建造,荣盛鹿山府,"渝北-中央公园-金州大道,近万康路",144万,14546元/㎡
首付30万抢中央公园轻轨洋房 正规三房两卫格局 总价143万,3室2厅2卫,89㎡,南北,中层(共8层),2021年建造,荣盛鹿山府,"渝北-中央公园-金州大道,近万康路",143万,16068元/㎡
万科锦尚洋房 18年次新小区 三轻轨,3室2厅1卫,88.9㎡,东,低层(共11层),2018年建造,万科锦尚,九龙坡-石桥铺-罗汉沟26号,185万,20810元/㎡
中央公园三房两卫150万起10号轻轨房配套成熟,3室2厅2卫,97㎡,南北,中层(共8层),2021年建造,荣盛鹿山府,"渝北-中央公园-金州大道,近万康路",155万,15980元/㎡
3室2厅 万科锦尚 满二  住房 电梯房 诚心出售 价格可议,3室2厅1卫,88.9㎡,东,低层(共10层),2018年建造,万科锦尚,九龙坡-石桥铺-罗汉沟26号,189万,21260元/㎡
渝北公园，特推！鹿山轻轨站旁，洋房三房双卫，南北通透,3室2厅2卫,99㎡,南北,中层(共8层),2021年建造,荣盛鹿山府,"渝北-中央公园-金州大道,近万康路",142万,14344元/㎡
万科锦尚三期 三房带车位出售 随时看房,3室2厅1卫,88.9㎡,东北,低层(共10层),2015年建造,万科锦尚,九龙坡-石桥铺-罗汉沟26号,185万,20810元/㎡
金科天籁城美社 2室2厅 满五 143万 楼层好 视野无遮挡,2室2厅2卫,93㎡,南北,中层(共11层),2005年建造,金科天籁城美社,渝北-人和-双宁路172号,143万,15377元/㎡
沙区 城城 陈家桥 纯洋房 智慧小区 7米阔景阳台,3室2厅2卫,99㎡,南北,中层(共8层),2019年建造,华远海蓝和光,沙坪坝-陈家桥-慧堂路,141.9万,14334元/㎡
中央公园稀有小户型加推！轻轨200米！成熟配套！,3室2厅2卫,99㎡,南北,中层(共8层),2020年建造,荣盛鹿山府,"渝北-中央公园-金州大道,近万康路",148.88万,15039元/㎡
中央公园小洋房丶轻轨200米丶南北通透丶周边配套成熟丶,3室2厅2卫,99㎡,南北,高层(共6层),2020年建造,荣盛鹿山府,"渝北-中央公园-金州大道,近万康路",150万,15152元/㎡
西区高品质洋房，临轻轨，交通方便，周边配套成熟，购物便利。,3室2厅2卫,99㎡,南北,中层(共6层),2020年建造,华远海蓝和光,沙坪坝-陈家桥-慧堂路,146.6万,14809元/㎡
！还不起按揭！旁边是八钟和巴蜀丶近公园近商圈丶轻轨50米,3室2厅1卫,94㎡,南,中层(共8层),2018年建造,公园大道,"渝北-中央公园-公园东路,近同茂大道",158.5万,16869元/㎡
！渝北中央公园洋房社区 10号轻轨房 高端品质 配套成熟,3室2厅2卫,97㎡,南北,中层(共8层),2018年建造,荣盛鹿山府,"渝北-中央公园-金州大道,近万康路",140万,14433元/㎡
渝北公园 轻轨200米 花园洋房 双公园环绕 配套成熟可以看,3室2厅2卫,99㎡,南北,中层(共11层),2021年建造,荣盛鹿山府,"渝北-中央公园-金州大道,近万康路",145万,14647元/㎡
渝北中央公园 鹿山轻轨站旁 品质洋房 大横厅大阳台,3室2厅2卫,99㎡,南北,高层(共7层),2020年建造,荣盛鹿山府,"渝北-中央公园-金州大道,近万康路",146万,14748元/㎡
在售中央公园西区 荣盛花园洋房 正规三房 配套齐全,3室2厅2卫,89㎡,南北,中层(共8层),2020年建造,荣盛鹿山府,"渝北-中央公园-金州大道,近万康路",149.8万,16832元/㎡
特推！鹿山轻轨旁，中央公园小洋楼双卫，南北通透,3室2厅2卫,99㎡,南北,中层(共8层),2020年建造,荣盛鹿山府,"渝北-中央公园-金州大道,近万康路",150万,15152元/㎡
！年底！首付14万起买公园纯洋房弘阳昕悦棠,3室2厅1卫,85㎡,南,中层(共8层),2019年建造,弘阳昕悦棠,渝北-两路-桂馥大道25号,140万,16471元/㎡
大学城小户型洋房精致户型，智慧生活，医疗完善，融创茂旁,3室2厅2卫,99㎡,东南,中层(共8层),2018年建造,华远海蓝和光,沙坪坝-陈家桥-慧堂路,145万,14647元/㎡
回兴首付2成买轻轨洋房，板式结构南北通透户型，横厅大阳台,3室2厅2卫,99㎡,南北,中层(共8层),2020年建造,爱情天宸万璟,渝北-农业园区-服装城大道,140万,14142元/㎡
开发商折扣小洋楼！园博园旁 万科精装  带地暖新风系统,3室2厅2卫,95.3㎡,南北,低层(共11层),2020年建造,万科金开悦府,"渝北-悦来-云卉路,近金兴大道",142万,14901元/㎡
在售（公园洋房）轻轨10号线旁鹿山站南北通透户型好配套完善,3室2厅2卫,97㎡,南北,中层(共8层),2021年建造,荣盛鹿山府,"渝北-中央公园-金州大道,近万康路",146万,15052元/㎡
内部特价两江新区中式洋房精装现房在售抢完清盘靠近轻轨和商业,3室2厅2卫,92㎡,南北,中层(共6层),2020年建造,建发和玺,北碚-蔡家-金兴大道,150万,16305元/㎡
新房源！惊爆价！直降5万 低楼层 正规两房 朝向安静！,2室2厅1卫,90㎡,南北,低层(共9层),2005年建造,晨光小区,"沙坪坝-三峡广场-汉渝路,近龙泉路",148万,16445元/㎡
中央公园轻轨10号线旁 板式通透纯洋房 成熟配套出行方便,3室2厅1卫,85㎡,南北,中层(共8层),2021年建造,弘阳昕悦棠,渝北-两路-桂馥大道25号,140万,16471元/㎡
首开 大学城核心  佳兆业品牌精装修洋房  对面重大树人,3室2厅2卫,89㎡,南北,中层(共9层),2021年建造,佳兆业珑樾壹号,"沙坪坝-曾家-大学城南二路,近思贤路",149.9万,16843元/㎡
特价！渝北中央公园融创品牌精装   轻轨旁边,3室2厅2卫,85㎡,南北,中层(共8层),2021年建造,融创隐溪晓院,"渝北-中央公园-悦港大道,近土两路",155万,18236元/㎡
（花园洋房）中央公园十号线旁 三房可做四房 版式南北通透,3室2厅2卫,99㎡,南北,中层(共8层),2020年建造,弘阳昕悦棠,渝北-两路-桂馥大道25号,158.5万,16011元/㎡
151万买悦来品质小高层三公园环绕近轻轨近嘉陵江大横厅设计,3室2厅2卫,99.4㎡,南北,中层(共11层),2021年建造,江山雲出,渝北-礼嘉-古树坪路86号,151万,15189元/㎡
照母山北！园博园对面，环境优美 万科精装大3房！轻轨5号线旁,3室2厅2卫,98.6㎡,南,中层(共8层),2019年建造,万科金开悦府,"渝北-悦来-云卉路,近金兴大道",146万,14809元/㎡
悦来万科精装两房一楼带花园,3室2厅2卫,89㎡,南北,中层(共8层),2018年建造,万科未来星光,"渝北-悦来-金兴大道,近翠岗路",145万,16293元/㎡
保利  开盘，位置尚好！开发商做口碑！.,3室2厅2卫,95㎡,南北,中层(共8层),2000年建造,保利和光尘樾,"渝北-悦来-悦清大道,近悦港大道",150.5万,15843元/㎡
渝北公园，鹿山轻轨站旁，洋房三房双卫，南北通透，成熟社区,3室2厅2卫,99㎡,南北,中层(共8层),2021年建造,荣盛鹿山府,"渝北-中央公园-金州大道,近万康路",149万,15051元/㎡
150万   住房 99平 电梯房 3室2厅 华远海蓝和光,3室2厅2卫,99㎡,南北,中层(共8层),2019年建造,华远海蓝和光,沙坪坝-陈家桥-慧堂路,150万,15152元/㎡
两江新区 蔡家轻轨站附近 龙湖天街800米 纯洋房叠拼社区,3室2厅2卫,98.8㎡,南北,中层(共8层),2021年建造,保亿御景玖园,"北碚-蔡家-蔡支路,近金兴大道",145万,14677元/㎡
住房 3室2厅 南北通透 电梯房 房东急置换,3室2厅2卫,99㎡,南北,中层(共8层),2020年建造,中梁海成南山云璟,"南岸-四公里-广黔路,近海峡路",150万,15152元/㎡
渝北中央公园 138万买纯洋房 200多米轻轨站 公园环绕,3室2厅1卫,86.5㎡,南北,中层(共8层),2020年建造,弘阳昕悦棠,渝北-两路-桂馥大道25号,148万,17110元/㎡
中央公园荣盛鹿山府，公园房，近轻轨，五星体验之家大阳台房子,3室2厅2卫,89㎡,南北,中层(共8层),2021年建造,荣盛鹿山府,"渝北-中央公园-金州大道,近万康路",150万,16854元/㎡
渝北！公园东 150万买 10号轻轨鹿山旁  纯洋房社区,3室2厅2卫,99㎡,南北,中层(共8层),2020年建造,荣盛鹿山府,"渝北-中央公园-金州大道,近万康路",145万,14647元/㎡
双轨交汇！ 纯粹高端洋墅项目 房源有限 精装清水,3室2厅2卫,90㎡,南北,中层(共8层),2019年建造,融信海月平湖,渝北-回兴-宝桐路56号,155万,17223元/㎡
渝北中央公园配套成熟360万方商业横厅设计精装小户,3室2厅1卫,90㎡,南,中层(共8层),2019年建造,海成云境,渝北-空港新城-睦邻路10号,150万,16667元/㎡
杨家坪超人气楼盘地段总价150万左右买九龙半岛品质洋房，,3室2厅2卫,90㎡,南北,中层(共8层),2021年建造,荣安九龙壹号,"九龙坡-杨家坪-龙江支路,近龙江路",152万,16889元/㎡
140万3室2厅99平中梁海成南山云璟楼层好洋房,3室2厅2卫,99㎡,南北,中层(共8层),2019年建造,中梁海成南山云璟,"南岸-四公里-广黔路,近海峡路",140万,14142元/㎡
中 央公园荣盛品质洋房，轻轨旁，1站公园里，交通便利繁华地段,3室2厅2卫,99㎡,南北,中层(共8层),2021年建造,荣盛鹿山府,"渝北-中央公园-金州大道,近万康路",145万,14647元/㎡
电梯房 南北通透 150万 华远海蓝和光 采光好 周边商圈成,3室2厅2卫,99㎡,南北,中层(共8层),2020年建造,华远海蓝和光,沙坪坝-陈家桥-慧堂路,150万,15152元/㎡
公园品质洋房鹿山府 出门即轻轨站  两江国际商务,3室2厅2卫,99㎡,南北,中层(共8层),2021年建造,荣盛鹿山府,"渝北-中央公园-金州大道,近万康路",149万,15051元/㎡
渝北中央公园，特推！鹿山轻轨站旁，洋房三房双卫，南北通透,3室2厅2卫,99㎡,南北,中层(共8层),2020年建造,荣盛鹿山府,"渝北-中央公园-金州大道,近万康路",155万,15657元/㎡
中央公园小户型小洋楼！出门即轻轨丶员工内购价丶出门即轻轨丶,3室2厅2卫,99㎡,南,高层(共7层),2020年建造,荣盛鹿山府,"渝北-中央公园-金州大道,近万康路",140万,14142元/㎡
渝北融信精装洋房临近轻轨可首付两成送新风带地暖!,3室2厅2卫,90㎡,南北,中层(共8层),2021年建造,融信海月平湖,渝北-回兴-宝桐路56号,145万,16112元/㎡
沙坪坝三星智慧小区花园洋房，树人，3中家门口，配套成熟,3室2厅2卫,99.6㎡,南北,中层(共8层),2011年建造,华远海蓝和光,沙坪坝-陈家桥-慧堂路,147万,14765元/㎡
公园小洋房轻轨10号线旁鹿山南北通透户型好配套完善,3室2厅2卫,97㎡,南北,中层(共8层),2021年建造,荣盛鹿山府,"渝北-中央公园-金州大道,近万康路",149万,15361元/㎡
渝北！中央公园东 150万买 10号轻轨鹿山旁  纯洋房社区,3室2厅2卫,97㎡,南北,中层(共11层),2020年建造,荣盛鹿山府,"渝北-中央公园-金州大道,近万康路",150万,15464元/㎡
特价房 华远海蓝和光148万 3室2厅 电梯房 周边成熟,3室2厅2卫,99㎡,南北,中层(共6层),2020年建造,华远海蓝和光,沙坪坝-陈家桥-慧堂路,148万,14950元/㎡
回兴3轻轨旁首付2成买精装洋房，温馨三居室，周边配套成熟,3室2厅2卫,90㎡,南北,中层(共8层),2020年建造,融信海月平湖,渝北-回兴-宝桐路56号,140万,15556元/㎡
！！！New，首付30万买 中央公园洋楼 方正3室 轻轨站旁,3室2厅2卫,99㎡,南北,中层(共8层),2020年建造,荣盛鹿山府,"渝北-中央公园-金州大道,近万康路",155.23万,15680元/㎡
员工特价！低总价150万！入住中央公园！鹿山轻轨站旁！,3室2厅2卫,97㎡,南北,中层(共8层),2020年建造,荣盛鹿山府,"渝北-中央公园-金州大道,近万康路",140万,14433元/㎡
西永成熟配套华远海南和光 3房2卫 1梯2户 南北通透改善型,3室2厅2卫,99㎡,南北,中层(共8层),2020年建造,华远海蓝和光,沙坪坝-陈家桥-慧堂路,147万,14849元/㎡
渝北！公园东 150万买 10号轻轨鹿山旁  纯洋房社区,3室2厅2卫,99㎡,南北,中层(共8层),2020年建造,荣盛鹿山府,"渝北-中央公园-金州大道,近万康路",145万,14647元/㎡
中央公园东 纯洋房社区品质3房 双商圈轻轨10号线鹿山旁,3室2厅2卫,97㎡,南北,中层(共11层),2021年建造,荣盛鹿山府,"渝北-中央公园-金州大道,近万康路",159.8万,16475元/㎡
中央公园高品质洋房 出门就是轻轨站  三轻轨线环绕 总高6楼,3室2厅2卫,99㎡,南北,中层(共6层),2021年建造,荣盛鹿山府,"渝北-中央公园-金州大道,近万康路",150万,15152元/㎡
大学城小户型洋房精致户型，智慧生活，医疗完善，融创茂旁,3室2厅2卫,99㎡,东南,中层(共8层),2018年建造,华远海蓝和光,沙坪坝-陈家桥-慧堂路,145万,14647元/㎡
一楼带花园丶清盘特价丶三轻轨地铁丶渝北回兴准现房洋房丶近商圈,3室2厅2卫,90㎡,南北,中层(共8层),2021年建造,融信海月平湖,渝北-回兴-宝桐路56号,144万,16000元/㎡
中央公园轻轨房！3号线10号线鹿山轻轨旁！三房双卫！周边成熟,3室2厅2卫,97㎡,南北,中层(共8层),2021年建造,荣盛鹿山府,"渝北-中央公园-金州大道,近万康路",152.88万,15761元/㎡
！渝北中央公园洋房社区 10号轻轨房 高端品质 配套成熟,3室2厅2卫,97㎡,南北,中层(共8层),2018年建造,荣盛鹿山府,"渝北-中央公园-金州大道,近万康路",140万,14433元/㎡
！渝北中央公园洋房社区 10号轻轨房 高端品质 配套成熟,3室2厅2卫,97㎡,南北,中层(共8层),2018年建造,荣盛鹿山府,"渝北-中央公园-金州大道,近万康路",140万,14433元/㎡
中央公园高品质洋房 出门就是轻轨站  三轻轨线环绕 总高6楼,3室2厅2卫,99㎡,南北,中层(共6层),2020年建造,荣盛鹿山府,"渝北-中央公园-金州大道,近万康路",158万,15960元/㎡
中央公园稀有小户型加推！轻轨200米！成熟配套！,3室2厅2卫,99㎡,南北,中层(共8层),2020年建造,荣盛鹿山府,"渝北-中央公园-金州大道,近万康路",148.88万,15039元/㎡
电梯房 南北通透 150万 华远海蓝和光 采光好 周边商圈成,3室2厅2卫,99㎡,南北,中层(共8层),2020年建造,华远海蓝和光,沙坪坝-陈家桥-慧堂路,150万,15152元/㎡
中央公园小洋房丶轻轨200米丶南北通透丶周边配套成熟丶,3室2厅2卫,99㎡,南北,高层(共6层),2020年建造,荣盛鹿山府,"渝北-中央公园-金州大道,近万康路",150万,15152元/㎡
西区高品质洋房，临轻轨，交通方便，周边配套成熟，购物便利。,3室2厅2卫,99㎡,南北,中层(共6层),2020年建造,华远海蓝和光,沙坪坝-陈家桥-慧堂路,146.6万,14809元/㎡
！还不起按揭！旁边是八钟和巴蜀丶近公园近商圈丶轻轨50米,3室2厅1卫,94㎡,南,中层(共8层),2018年建造,公园大道,"渝北-中央公园-公园东路,近同茂大道",158.5万,16869元/㎡
在售中央公园西区 荣盛花园洋房 正规三房 配套齐全,3室2厅2卫,89㎡,南北,中层(共8层),2020年建造,荣盛鹿山府,"渝北-中央公园-金州大道,近万康路",149.8万,16832元/㎡
特推！鹿山轻轨旁，中央公园小洋楼双卫，南北通透,3室2厅2卫,99㎡,南北,中层(共8层),2020年建造,荣盛鹿山府,"渝北-中央公园-金州大道,近万康路",150万,15152元/㎡
中央公园东 纯洋房社区品质3房 双商圈轻轨10号线鹿山旁,3室2厅2卫,97㎡,南北,中层(共11层),2021年建造,荣盛鹿山府,"渝北-中央公园-金州大道,近万康路",159.8万,16475元/㎡
！年底！首付14万起买公园纯洋房弘阳昕悦棠,3室2厅1卫,85㎡,南,中层(共8层),2019年建造,弘阳昕悦棠,渝北-两路-桂馥大道25号,140万,16471元/㎡
中央公园小户型小洋楼！出门即轻轨丶员工内购价丶出门即轻轨丶,3室2厅2卫,99㎡,南,高层(共7层),2020年建造,荣盛鹿山府,"渝北-中央公园-金州大道,近万康路",140万,14142元/㎡
回兴首付2成买轻轨洋房，板式结构南北通透户型，横厅大阳台,3室2厅2卫,99㎡,南北,中层(共8层),2020年建造,爱情天宸万璟,渝北-农业园区-服装城大道,140万,14142元/㎡
开发商折扣小洋楼！园博园旁 万科精装  带地暖新风系统,3室2厅2卫,95.3㎡,南北,低层(共11层),2020年建造,万科金开悦府,"渝北-悦来-云卉路,近金兴大道",142万,14901元/㎡
在售（公园洋房）轻轨10号线旁鹿山站南北通透户型好配套完善,3室2厅2卫,97㎡,南北,中层(共8层),2021年建造,荣盛鹿山府,"渝北-中央公园-金州大道,近万康路",146万,15052元/㎡
内部特价两江新区中式洋房精装现房在售抢完清盘靠近轻轨和商业,3室2厅2卫,92㎡,南北,中层(共6层),2020年建造,建发和玺,北碚-蔡家-金兴大道,150万,16305元/㎡
新房源！惊爆价！直降5万 低楼层 正规两房 朝向安静！,2室2厅1卫,90㎡,南北,低层(共9层),2005年建造,晨光小区,"沙坪坝-三峡广场-汉渝路,近龙泉路",148万,16445元/㎡
中央公园轻轨10号线旁 板式通透纯洋房 成熟配套出行方便,3室2厅1卫,85㎡,南北,中层(共8层),2021年建造,弘阳昕悦棠,渝北-两路-桂馥大道25号,140万,16471元/㎡
首开 大学城核心  佳兆业品牌精装修洋房  对面重大树人,3室2厅2卫,89㎡,南北,中层(共9层),2021年建造,佳兆业珑樾壹号,"沙坪坝-曾家-大学城南二路,近思贤路",149.9万,16843元/㎡
中央公园高品质洋房 出门就是轻轨站  三轻轨线环绕 总高6楼,3室2厅2卫,99㎡,南北,中层(共6层),2021年建造,荣盛鹿山府,"渝北-中央公园-金州大道,近万康路",150万,15152元/㎡
特价！渝北中央公园融创品牌精装   轻轨旁边,3室2厅2卫,85㎡,南北,中层(共8层),2021年建造,融创隐溪晓院,"渝北-中央公园-悦港大道,近土两路",155万,18236元/㎡
（花园洋房）中央公园十号线旁 三房可做四房 版式南北通透,3室2厅2卫,99㎡,南北,中层(共8层),2020年建造,弘阳昕悦棠,渝北-两路-桂馥大道25号,158.5万,16011元/㎡
151万买悦来品质小高层三公园环绕近轻轨近嘉陵江大横厅设计,3室2厅2卫,99.4㎡,南北,中层(共11层),2021年建造,江山雲出,渝北-礼嘉-古树坪路86号,151万,15189元/㎡
照母山北！园博园对面，环境优美 万科精装大3房！轻轨5号线旁,3室2厅2卫,98.6㎡,南,中层(共8层),2019年建造,万科金开悦府,"渝北-悦来-云卉路,近金兴大道",146万,14809元/㎡
悦来万科精装两房一楼带花园,3室2厅2卫,89㎡,南北,中层(共8层),2018年建造,万科未来星光,"渝北-悦来-金兴大道,近翠岗路",145万,16293元/㎡
保利  开盘，位置尚好！开发商做口碑！.,3室2厅2卫,95㎡,南北,中层(共8层),2000年建造,保利和光尘樾,"渝北-悦来-悦清大道,近悦港大道",150.5万,15843元/㎡
渝北公园，鹿山轻轨站旁，洋房三房双卫，南北通透，成熟社区,3室2厅2卫,99㎡,南北,中层(共8层),2021年建造,荣盛鹿山府,"渝北-中央公园-金州大道,近万康路",149万,15051元/㎡
沙坪坝三星智慧小区花园洋房，树人，3中家门口，配套成熟,3室2厅2卫,99.6㎡,南北,中层(共8层),2011年建造,华远海蓝和光,沙坪坝-陈家桥-慧堂路,147万,14765元/㎡
两江新区 蔡家轻轨站附近 龙湖天街800米 纯洋房叠拼社区,3室2厅2卫,98.8㎡,南北,中层(共8层),2021年建造,保亿御景玖园,"北碚-蔡家-蔡支路,近金兴大道",145万,14677元/㎡
住房 3室2厅 南北通透 电梯房 房东急置换,3室2厅2卫,99㎡,南北,中层(共8层),2020年建造,中梁海成南山云璟,"南岸-四公里-广黔路,近海峡路",150万,15152元/㎡
渝北中央公园 138万买纯洋房 200多米轻轨站 公园环绕,3室2厅1卫,86.5㎡,南北,中层(共8层),2020年建造,弘阳昕悦棠,渝北-两路-桂馥大道25号,148万,17110元/㎡
中央公园荣盛鹿山府，公园房，近轻轨，五星体验之家大阳台房子,3室2厅2卫,89㎡,南北,中层(共8层),2021年建造,荣盛鹿山府,"渝北-中央公园-金州大道,近万康路",150万,16854元/㎡
渝北！公园东 150万买 10号轻轨鹿山旁  纯洋房社区,3室2厅2卫,99㎡,南北,中层(共8层),2020年建造,荣盛鹿山府,"渝北-中央公园-金州大道,近万康路",145万,14647元/㎡
双轨交汇！ 纯粹高端洋墅项目 房源有限 精装清水,3室2厅2卫,90㎡,南北,中层(共8层),2019年建造,融信海月平湖,渝北-回兴-宝桐路56号,155万,17223元/㎡
渝北中央公园配套成熟360万方商业横厅设计精装小户,3室2厅1卫,90㎡,南,中层(共8层),2019年建造,海成云境,渝北-空港新城-睦邻路10号,150万,16667元/㎡
杨家坪超人气楼盘地段总价150万左右买九龙半岛品质洋房，,3室2厅2卫,90㎡,南北,中层(共8层),2021年建造,荣安九龙壹号,"九龙坡-杨家坪-龙江支路,近龙江路",152万,16889元/㎡
140万3室2厅99平中梁海成南山云璟楼层好洋房,3室2厅2卫,99㎡,南北,中层(共8层),2019年建造,中梁海成南山云璟,"南岸-四公里-广黔路,近海峡路",140万,14142元/㎡
中 央公园荣盛品质洋房，轻轨旁，1站公园里，交通便利繁华地段,3室2厅2卫,99㎡,南北,中层(共8层),2021年建造,荣盛鹿山府,"渝北-中央公园-金州大道,近万康路",145万,14647元/㎡
美的纯洋房社区 双轻轨环绕 可做四房 邻融创茂龙湖 高新天街,3室2厅2卫,99㎡,南北,中层(共8层),2020年建造,美的云来,"沙坪坝-陈家桥-团歇路,近横一路",145万,14647元/㎡
渝北中央公园 鹿山轻轨站旁 品质洋房 大横厅大阳台,3室2厅2卫,99㎡,南北,高层(共7层),2020年建造,荣盛鹿山府,"渝北-中央公园-金州大道,近万康路",146万,14748元/㎡
公园品质洋房鹿山府 出门即轻轨站  两江国际商务,3室2厅2卫,99㎡,南北,中层(共8层),2021年建造,荣盛鹿山府,"渝北-中央公园-金州大道,近万康路",149万,15051元/㎡
渝北中央公园，特推！鹿山轻轨站旁，洋房三房双卫，南北通透,3室2厅2卫,99㎡,南北,中层(共8层),2020年建造,荣盛鹿山府,"渝北-中央公园-金州大道,近万康路",155万,15657元/㎡
中央公园高品质洋房 出门就是轻轨站  三轻轨线环绕 总高6楼,3室2厅2卫,99㎡,南北,中层(共6层),2020年建造,荣盛鹿山府,"渝北-中央公园-金州大道,近万康路",158万,15960元/㎡
大学城小户型洋房精致户型，智慧生活，医疗完善，融创茂旁,3室2厅2卫,99㎡,东南,中层(共8层),2018年建造,华远海蓝和光,沙坪坝-陈家桥-慧堂路,145万,14647元/㎡
回兴3轻轨旁首付2成买精装洋房，温馨三居室，周边配套成熟,3室2厅2卫,90㎡,南北,中层(共8层),2020年建造,融信海月平湖,渝北-回兴-宝桐路56号,140万,15556元/㎡
西永成熟配套华远海南和光 3房2卫 1梯2户 南北通透改善型,3室2厅2卫,99㎡,南北,中层(共8层),2020年建造,华远海蓝和光,沙坪坝-陈家桥-慧堂路,147万,14849元/㎡
渝北！中央公园东 150万买 10号轻轨鹿山旁  纯洋房社区,3室2厅2卫,97㎡,南北,中层(共11层),2020年建造,荣盛鹿山府,"渝北-中央公园-金州大道,近万康路",150万,15464元/㎡
！渝北中央公园洋房社区 10号轻轨房 高端品质 配套成熟,3室2厅2卫,97㎡,南北,中层(共8层),2018年建造,荣盛鹿山府,"渝北-中央公园-金州大道,近万康路",140万,14433元/㎡
渝北公园 轻轨200米 花园洋房 双公园环绕 配套成熟可以看,3室2厅2卫,99㎡,南北,中层(共11层),2021年建造,荣盛鹿山府,"渝北-中央公园-金州大道,近万康路",145万,14647元/㎡
大学城小户型洋房精致户型，智慧生活，医疗完善，融创茂旁,3室2厅2卫,99㎡,东南,中层(共8层),2018年建造,华远海蓝和光,沙坪坝-陈家桥-慧堂路,145万,14647元/㎡
150万   住房 99平 电梯房 3室2厅 华远海蓝和光,3室2厅2卫,99㎡,南北,中层(共8层),2019年建造,华远海蓝和光,沙坪坝-陈家桥-慧堂路,150万,15152元/㎡
一楼带花园丶清盘特价丶三轻轨地铁丶渝北回兴准现房洋房丶近商圈,3室2厅2卫,90㎡,南北,中层(共8层),2021年建造,融信海月平湖,渝北-回兴-宝桐路56号,144万,16000元/㎡
渝北！公园东 150万买 10号轻轨鹿山旁  纯洋房社区,3室2厅2卫,99㎡,南北,中层(共8层),2020年建造,荣盛鹿山府,"渝北-中央公园-金州大道,近万康路",145万,14647元/㎡
要是有150万买车还是买房,3室2厅2卫,99㎡,南北,中层(共8层),2020年建造,荣盛鹿山府,"渝北-中央公园-金州大道,近万康路",145万,14647元/㎡
特价房 华远海蓝和光148万 3室2厅 电梯房 周边成熟,3室2厅2卫,99㎡,南北,中层(共6层),2020年建造,华远海蓝和光,沙坪坝-陈家桥-慧堂路,148万,14950元/㎡
！！！New，首付30万买 中央公园洋楼 方正3室 轻轨站旁,3室2厅2卫,99㎡,南北,中层(共8层),2020年建造,荣盛鹿山府,"渝北-中央公园-金州大道,近万康路",155.23万,15680元/㎡
渝北融信精装洋房临近轻轨可首付两成送新风带地暖!,3室2厅2卫,90㎡,南北,中层(共8层),2021年建造,融信海月平湖,渝北-回兴-宝桐路56号,145万,16112元/㎡
公园小洋房轻轨10号线旁鹿山南北通透户型好配套完善,3室2厅2卫,97㎡,南北,中层(共8层),2021年建造,荣盛鹿山府,"渝北-中央公园-金州大道,近万康路",149万,15361元/㎡
！渝北中央公园洋房社区 10号轻轨房 高端品质 配套成熟,3室2厅2卫,97㎡,南北,中层(共8层),2018年建造,荣盛鹿山府,"渝北-中央公园-金州大道,近万康路",140万,14433元/㎡
中央公园轻轨房！3号线10号线鹿山轻轨旁！三房双卫！周边成熟,3室2厅2卫,97㎡,南北,中层(共8层),2021年建造,荣盛鹿山府,"渝北-中央公园-金州大道,近万康路",152.88万,15761元/㎡
！渝北中央公园洋房社区 10号轻轨房 高端品质 配套成熟,3室2厅2卫,97㎡,南北,中层(共8层),2018年建造,荣盛鹿山府,"渝北-中央公园-金州大道,近万康路",140万,14433元/㎡
员工特价！低总价150万！入住中央公园！鹿山轻轨站旁！,3室2厅2卫,97㎡,南北,中层(共8层),2020年建造,荣盛鹿山府,"渝北-中央公园-金州大道,近万康路",140万,14433元/㎡
