日期,城市,空气指标,PM25
17日,北京市,62,35
18日,北京市,36,10
19日,北京市,53,26
20日,北京市,95,45
21日,北京市,74,54
22日,北京市,56,8
09日,北京市,54,27
10日,北京市,80,45
11日,北京市,105,65
12日,北京市,84,17
13日,北京市,68,19
14日,北京市,55,27
15日,北京市,57,26
16日,北京市,99,62
10日,天津市,91,52
11日,天津市,93,67
12日,天津市,123,29
13日,天津市,75,21
14日,天津市,69,20
15日,天津市,65,28
16日,天津市,89,66
09日,天津市,59,33
17日,天津市,80,47
18日,天津市,54,29
19日,天津市,55,36
20日,天津市,98,47
21日,天津市,98,73
22日,天津市,52,23
09日,石家庄市,78,50
17日,石家庄市,136,76
18日,石家庄市,68,38
19日,石家庄市,60,35
20日,石家庄市,103,63
21日,石家庄市,73,53
22日,石家庄市,65,26
10日,石家庄市,72,40
11日,石家庄市,189,69
12日,石家庄市,110,31
13日,石家庄市,55,18
14日,石家庄市,64,16
15日,石家庄市,70,21
16日,石家庄市,119,55
09日,秦皇岛市,65,22
10日,秦皇岛市,109,46
11日,秦皇岛市,69,39
12日,秦皇岛市,91,24
13日,秦皇岛市,41,10
14日,秦皇岛市,52,14
15日,秦皇岛市,54,30
16日,秦皇岛市,78,40
17日,秦皇岛市,94,46
18日,秦皇岛市,40,18
19日,秦皇岛市,48,25
20日,秦皇岛市,71,39
21日,秦皇岛市,63,33
22日,秦皇岛市,54,21
09日,邯郸市,90,52
10日,邯郸市,79,49
11日,邯郸市,96,52
12日,邯郸市,183,55
13日,邯郸市,62,14
14日,邯郸市,62,13
15日,邯郸市,64,22
16日,邯郸市,119,64
17日,邯郸市,171,96
18日,邯郸市,79,34
19日,邯郸市,54,25
20日,邯郸市,89,41
21日,邯郸市,60,34
22日,邯郸市,54,23
10日,邢台市,72,41
11日,邢台市,126,64
12日,邢台市,172,58
13日,邢台市,66,21
17日,邢台市,178,101
18日,邢台市,71,34
19日,邢台市,57,30
20日,邢台市,103,54
21日,邢台市,62,40
22日,邢台市,65,26
09日,邢台市,80,52
14日,邢台市,70,11
15日,邢台市,60,22
16日,邢台市,118,55
09日,保定市,61,32
17日,保定市,107,66
18日,保定市,60,35
19日,保定市,64,36
20日,保定市,107,54
21日,保定市,83,61
22日,保定市,61,23
10日,保定市,81,43
11日,保定市,172,81
12日,保定市,97,27
13日,保定市,58,17
14日,保定市,67,17
15日,保定市,63,28
16日,保定市,97,52
17日,承德市,56,28
18日,承德市,38,10
19日,承德市,53,10
20日,承德市,85,20
21日,承德市,51,30
22日,承德市,48,14
10日,承德市,79,22
11日,承德市,101,46
12日,承德市,86,16
13日,承德市,50,8
14日,承德市,62,17
15日,承德市,54,25
16日,承德市,88,27
09日,承德市,61,21
17日,衡水市,108,67
18日,衡水市,58,27
19日,衡水市,60,26
09日,衡水市,80,47
10日,衡水市,110,50
11日,衡水市,121,71
12日,衡水市,164,46
13日,衡水市,56,15
14日,衡水市,77,17
15日,衡水市,74,25
16日,衡水市,95,49
20日,衡水市,113,43
21日,衡水市,60,39
22日,衡水市,59,33
17日,张家口市,64,25
18日,张家口市,41,10
19日,张家口市,56,12
20日,张家口市,93,29
21日,张家口市,85,38
22日,张家口市,57,11
09日,张家口市,51,18
10日,张家口市,59,19
11日,张家口市,90,27
12日,张家口市,55,14
13日,张家口市,56,16
14日,张家口市,48,20
15日,张家口市,61,15
16日,张家口市,81,35
09日,廊坊市,55,25
17日,廊坊市,71,42
18日,廊坊市,60,41
19日,廊坊市,60,36
20日,廊坊市,107,49
21日,廊坊市,95,71
22日,廊坊市,57,13
10日,廊坊市,89,64
11日,廊坊市,130,79
12日,廊坊市,122,31
13日,廊坊市,70,20
14日,廊坊市,60,18
15日,廊坊市,64,24
16日,廊坊市,90,67
09日,唐山市,59,31
17日,唐山市,94,52
18日,唐山市,54,34
19日,唐山市,50,33
20日,唐山市,77,49
21日,唐山市,85,63
22日,唐山市,60,27
10日,唐山市,93,56
11日,唐山市,99,55
12日,唐山市,137,26
13日,唐山市,63,11
14日,唐山市,62,12
15日,唐山市,66,36
16日,唐山市,80,59
09日,沧州市,78,38
10日,沧州市,83,51
11日,沧州市,101,65
12日,沧州市,171,50
13日,沧州市,64,18
14日,沧州市,78,24
15日,沧州市,69,26
17日,沧州市,94,55
18日,沧州市,59,28
19日,沧州市,59,30
20日,沧州市,108,46
21日,沧州市,70,51
22日,沧州市,65,40
16日,沧州市,83,51
17日,太原市,168,108
18日,太原市,82,52
19日,太原市,82,60
20日,太原市,98,50
21日,太原市,72,46
22日,太原市,66,24
09日,太原市,66,34
10日,太原市,69,27
11日,太原市,206,74
12日,太原市,114,28
13日,太原市,59,15
14日,太原市,53,12
15日,太原市,83,28
16日,太原市,128,72
17日,大同市,186,56
18日,大同市,37,17
19日,大同市,60,24
20日,大同市,84,38
21日,大同市,58,28
22日,大同市,55,17
09日,大同市,49,33
10日,大同市,53,25
11日,大同市,181,50
12日,大同市,42,10
13日,大同市,44,10
14日,大同市,49,9
15日,大同市,58,21
16日,大同市,133,58
17日,阳泉市,195,106
18日,阳泉市,68,43
19日,阳泉市,78,39
20日,阳泉市,105,70
21日,阳泉市,72,46
22日,阳泉市,58,15
09日,阳泉市,71,41
10日,阳泉市,66,24
11日,阳泉市,194,63
12日,阳泉市,105,26
13日,阳泉市,59,14
14日,阳泉市,56,12
15日,阳泉市,77,21
16日,阳泉市,132,57
17日,长治市,115,74
18日,长治市,93,57
19日,长治市,86,58
20日,长治市,89,26
21日,长治市,80,39
22日,长治市,67,24
10日,长治市,67,24
11日,长治市,88,45
12日,长治市,170,53
13日,长治市,65,17
14日,长治市,60,10
15日,长治市,74,19
16日,长治市,111,64
09日,长治市,61,34
09日,晋城市,83,43
17日,晋城市,129,73
18日,晋城市,102,53
19日,晋城市,90,45
20日,晋城市,109,30
21日,晋城市,81,25
22日,晋城市,92,33
10日,晋城市,80,22
11日,晋城市,105,43
12日,晋城市,363,86
13日,晋城市,98,32
14日,晋城市,59,10
15日,晋城市,85,13
16日,晋城市,118,65
09日,朔州市,62,33
17日,朔州市,186,77
18日,朔州市,39,21
19日,朔州市,66,29
20日,朔州市,95,46
21日,朔州市,63,27
22日,朔州市,57,16
10日,朔州市,51,18
11日,朔州市,198,50
12日,朔州市,65,10
13日,朔州市,43,8
14日,朔州市,51,9
15日,朔州市,64,17
16日,朔州市,166,68
10日,晋中市,72,20
11日,晋中市,405,66
12日,晋中市,117,22
13日,晋中市,59,12
14日,晋中市,55,7
15日,晋中市,86,15
16日,晋中市,145,54
17日,晋中市,180,86
18日,晋中市,88,37
19日,晋中市,77,42
20日,晋中市,98,42
21日,晋中市,74,42
22日,晋中市,64,17
09日,晋中市,67,28
09日,运城市,98,44
17日,运城市,131,61
18日,运城市,104,42
19日,运城市,82,43
20日,运城市,105,33
21日,运城市,69,36
22日,运城市,161,69
10日,运城市,78,25
11日,运城市,226,61
12日,运城市,485,95
13日,运城市,153,45
14日,运城市,70,18
15日,运城市,84,31
16日,运城市,101,54
09日,忻州市,63,45
10日,忻州市,60,28
11日,忻州市,194,60
12日,忻州市,70,17
13日,忻州市,53,13
14日,忻州市,53,12
15日,忻州市,73,21
16日,忻州市,153,61
17日,忻州市,175,86
18日,忻州市,61,35
19日,忻州市,67,48
20日,忻州市,88,60
21日,忻州市,67,45
22日,忻州市,58,16
17日,临汾市,138,70
18日,临汾市,116,54
19日,临汾市,90,52
20日,临汾市,98,33
21日,临汾市,109,49
22日,临汾市,170,68
10日,临汾市,70,20
11日,临汾市,273,64
12日,临汾市,197,43
13日,临汾市,114,25
14日,临汾市,55,12
15日,临汾市,75,22
16日,临汾市,118,58
09日,临汾市,73,35
17日,吕梁市,171,83
18日,吕梁市,100,55
19日,吕梁市,68,37
20日,吕梁市,90,32
21日,吕梁市,105,50
22日,吕梁市,87,32
09日,吕梁市,63,22
10日,吕梁市,60,17
11日,吕梁市,360,83
12日,吕梁市,122,37
13日,吕梁市,78,21
14日,吕梁市,50,13
15日,吕梁市,60,17
16日,吕梁市,121,50
17日,呼和浩特市,55,19
18日,呼和浩特市,39,17
19日,呼和浩特市,62,29
20日,呼和浩特市,79,32
21日,呼和浩特市,50,19
22日,呼和浩特市,63,23
09日,呼和浩特市,52,34
10日,呼和浩特市,56,21
11日,呼和浩特市,126,30
12日,呼和浩特市,43,5
13日,呼和浩特市,44,6
14日,呼和浩特市,50,9
15日,呼和浩特市,77,33
16日,呼和浩特市,135,66
17日,包头市,51,20
18日,包头市,44,28
19日,包头市,62,27
20日,包头市,72,35
21日,包头市,63,20
22日,包头市,73,33
10日,包头市,61,22
11日,包头市,240,59
12日,包头市,63,14
13日,包头市,55,12
14日,包头市,54,11
15日,包头市,65,26
16日,包头市,153,78
09日,包头市,50,19
17日,乌海市,87,36
18日,乌海市,63,20
19日,乌海市,82,28
20日,乌海市,112,44
21日,乌海市,468,155
22日,乌海市,62,23
10日,乌海市,94,37
11日,乌海市,500,153
12日,乌海市,70,20
13日,乌海市,65,20
14日,乌海市,55,12
15日,乌海市,123,55
16日,乌海市,263,103
09日,乌海市,50,14
10日,赤峰市,52,22
11日,赤峰市,69,32
12日,赤峰市,60,9
17日,赤峰市,52,35
18日,赤峰市,44,11
19日,赤峰市,50,13
20日,赤峰市,65,20
21日,赤峰市,68,30
22日,赤峰市,48,9
09日,赤峰市,54,25
13日,赤峰市,42,6
14日,赤峰市,59,16
15日,赤峰市,53,24
16日,赤峰市,76,42
17日,通辽市,77,56
18日,通辽市,45,22
19日,通辽市,49,23
20日,通辽市,75,36
21日,通辽市,52,35
22日,通辽市,51,20
09日,通辽市,68,43
10日,通辽市,69,39
11日,通辽市,106,61
12日,通辽市,36,24
13日,通辽市,41,23
14日,通辽市,42,25
15日,通辽市,54,38
16日,通辽市,65,45
17日,鄂尔多斯市,114,57
18日,鄂尔多斯市,54,15
19日,鄂尔多斯市,69,21
20日,鄂尔多斯市,90,34
09日,鄂尔多斯市,80,29
10日,鄂尔多斯市,67,20
11日,鄂尔多斯市,449,85
12日,鄂尔多斯市,84,19
13日,鄂尔多斯市,72,16
14日,鄂尔多斯市,52,10
15日,鄂尔多斯市,81,28
16日,鄂尔多斯市,448,134
21日,鄂尔多斯市,100,39
22日,鄂尔多斯市,75,28
09日,呼伦贝尔市,58,41
17日,呼伦贝尔市,44,24
18日,呼伦贝尔市,41,16
19日,呼伦贝尔市,46,16
20日,呼伦贝尔市,50,16
21日,呼伦贝尔市,46,18
22日,呼伦贝尔市,45,11
10日,呼伦贝尔市,50,24
11日,呼伦贝尔市,66,18
12日,呼伦贝尔市,42,18
13日,呼伦贝尔市,42,18
14日,呼伦贝尔市,49,28
15日,呼伦贝尔市,54,38
16日,呼伦贝尔市,54,22
09日,巴彦淖尔市,50,20
10日,巴彦淖尔市,74,30
11日,巴彦淖尔市,310,73
12日,巴彦淖尔市,45,17
13日,巴彦淖尔市,58,20
14日,巴彦淖尔市,63,17
15日,巴彦淖尔市,97,40
16日,巴彦淖尔市,378,124
17日,巴彦淖尔市,70,30
18日,巴彦淖尔市,59,22
19日,巴彦淖尔市,68,25
20日,巴彦淖尔市,89,43
21日,巴彦淖尔市,313,112
22日,巴彦淖尔市,80,32
17日,乌兰察布市,77,30
18日,乌兰察布市,37,16
19日,乌兰察布市,60,17
20日,乌兰察布市,90,31
21日,乌兰察布市,62,27
22日,乌兰察布市,60,18
09日,乌兰察布市,50,24
10日,乌兰察布市,56,18
11日,乌兰察布市,91,27
12日,乌兰察布市,51,14
13日,乌兰察布市,45,14
14日,乌兰察布市,48,14
15日,乌兰察布市,67,19
16日,乌兰察布市,129,50
09日,兴安盟,46,25
10日,兴安盟,59,42
11日,兴安盟,135,103
12日,兴安盟,38,15
13日,兴安盟,45,20
14日,兴安盟,50,24
15日,兴安盟,43,24
16日,兴安盟,47,21
17日,兴安盟,65,47
18日,兴安盟,48,21
19日,兴安盟,48,23
20日,兴安盟,57,26
21日,兴安盟,82,60
22日,兴安盟,50,15
09日,锡林郭勒盟,48,8
17日,锡林郭勒盟,45,12
18日,锡林郭勒盟,46,4
19日,锡林郭勒盟,48,6
20日,锡林郭勒盟,60,11
21日,锡林郭勒盟,62,26
22日,锡林郭勒盟,64,16
10日,锡林郭勒盟,55,10
11日,锡林郭勒盟,45,12
12日,锡林郭勒盟,52,8
13日,锡林郭勒盟,50,8
14日,锡林郭勒盟,45,18
15日,锡林郭勒盟,43,10
16日,锡林郭勒盟,57,16
17日,阿拉善盟,103,58
10日,阿拉善盟,76,29
11日,阿拉善盟,500,298
12日,阿拉善盟,109,42
13日,阿拉善盟,58,17
14日,阿拉善盟,48,8
15日,阿拉善盟,127,63
16日,阿拉善盟,124,66
18日,阿拉善盟,154,72
19日,阿拉善盟,128,62
20日,阿拉善盟,128,76
21日,阿拉善盟,206,96
22日,阿拉善盟,52,19
09日,阿拉善盟,49,16
17日,沈阳市,74,50
18日,沈阳市,48,25
19日,沈阳市,42,28
20日,沈阳市,67,26
21日,沈阳市,62,33
22日,沈阳市,48,15
09日,沈阳市,88,65
10日,沈阳市,95,57
11日,沈阳市,87,29
12日,沈阳市,58,15
13日,沈阳市,36,10
14日,沈阳市,43,18
15日,沈阳市,57,40
16日,沈阳市,86,40
10日,大连市,55,39
17日,大连市,80,36
18日,大连市,42,16
19日,大连市,60,32
20日,大连市,68,39
21日,大连市,46,29
22日,大连市,58,15
09日,大连市,45,28
11日,大连市,58,24
12日,大连市,54,17
13日,大连市,43,7
14日,大连市,43,13
15日,大连市,41,18
16日,大连市,71,33
10日,鞍山市,84,46
11日,鞍山市,75,20
12日,鞍山市,65,14
17日,鞍山市,70,51
18日,鞍山市,46,23
19日,鞍山市,57,40
20日,鞍山市,60,21
21日,鞍山市,68,27
22日,鞍山市,48,21
09日,鞍山市,77,56
13日,鞍山市,33,13
14日,鞍山市,39,18
15日,鞍山市,57,40
16日,鞍山市,80,25
10日,抚顺市,99,74
11日,抚顺市,91,44
12日,抚顺市,67,14
13日,抚顺市,35,14
14日,抚顺市,46,17
15日,抚顺市,59,42
16日,抚顺市,76,34
09日,抚顺市,78,57
17日,抚顺市,77,49
18日,抚顺市,54,32
19日,抚顺市,47,32
20日,抚顺市,67,29
21日,抚顺市,72,32
22日,抚顺市,48,14
09日,本溪市,70,51
10日,本溪市,77,39
11日,本溪市,76,26
12日,本溪市,72,17
13日,本溪市,30,18
14日,本溪市,44,16
15日,本溪市,57,39
16日,本溪市,74,32
17日,本溪市,76,49
18日,本溪市,52,36
19日,本溪市,48,31
20日,本溪市,67,20
21日,本溪市,72,16
22日,本溪市,46,23
17日,丹东市,69,37
18日,丹东市,55,27
19日,丹东市,46,14
20日,丹东市,60,19
21日,丹东市,66,20
22日,丹东市,49,11
09日,丹东市,58,41
10日,丹东市,57,32
11日,丹东市,75,34
12日,丹东市,67,22
13日,丹东市,39,10
14日,丹东市,42,10
15日,丹东市,51,29
16日,丹东市,62,34
10日,锦州市,86,59
11日,锦州市,72,34
17日,锦州市,79,58
18日,锦州市,46,11
19日,锦州市,49,27
20日,锦州市,68,46
21日,锦州市,60,32
22日,锦州市,52,18
09日,锦州市,60,20
12日,锦州市,56,19
13日,锦州市,39,7
14日,锦州市,45,15
15日,锦州市,55,39
16日,锦州市,89,47
09日,营口市,54,33
17日,营口市,82,60
18日,营口市,47,18
19日,营口市,54,38
20日,营口市,76,29
21日,营口市,75,24
22日,营口市,55,15
10日,营口市,95,42
11日,营口市,77,24
12日,营口市,65,18
13日,营口市,41,9
14日,营口市,40,17
15日,营口市,56,24
16日,营口市,81,30
10日,阜新市,75,45
11日,阜新市,83,35
12日,阜新市,45,14
13日,阜新市,40,5
14日,阜新市,42,12
15日,阜新市,47,30
09日,阜新市,63,29
17日,阜新市,68,46
18日,阜新市,49,7
19日,阜新市,65,16
20日,阜新市,84,29
21日,阜新市,55,20
22日,阜新市,54,8
16日,阜新市,87,48
10日,辽阳市,92,40
11日,辽阳市,79,21
12日,辽阳市,74,14
13日,辽阳市,37,15
14日,辽阳市,42,16
15日,辽阳市,62,44
16日,辽阳市,84,24
17日,辽阳市,79,38
18日,辽阳市,50,32
19日,辽阳市,49,34
20日,辽阳市,65,22
21日,辽阳市,72,28
22日,辽阳市,52,21
09日,辽阳市,74,54
17日,盘锦市,82,60
18日,盘锦市,50,11
19日,盘锦市,50,27
20日,盘锦市,72,28
21日,盘锦市,71,24
22日,盘锦市,55,14
09日,盘锦市,63,32
10日,盘锦市,88,38
11日,盘锦市,79,27
12日,盘锦市,47,19
13日,盘锦市,38,9
14日,盘锦市,39,15
15日,盘锦市,49,24
16日,盘锦市,86,43
09日,铁岭市,79,58
17日,铁岭市,75,50
18日,铁岭市,47,23
19日,铁岭市,49,31
20日,铁岭市,67,31
21日,铁岭市,65,47
22日,铁岭市,49,12
10日,铁岭市,86,54
11日,铁岭市,91,29
12日,铁岭市,42,18
13日,铁岭市,35,11
14日,铁岭市,42,19
15日,铁岭市,54,38
16日,铁岭市,57,34
17日,朝阳市,68,49
18日,朝阳市,47,9
19日,朝阳市,59,14
20日,朝阳市,74,25
09日,朝阳市,67,19
21日,朝阳市,48,32
22日,朝阳市,53,8
10日,朝阳市,73,30
11日,朝阳市,91,36
12日,朝阳市,74,14
13日,朝阳市,40,4
14日,朝阳市,48,15
15日,朝阳市,53,31
16日,朝阳市,94,46
09日,葫芦岛市,59,19
17日,葫芦岛市,76,42
18日,葫芦岛市,47,9
19日,葫芦岛市,51,30
20日,葫芦岛市,72,43
21日,葫芦岛市,69,29
22日,葫芦岛市,55,14
10日,葫芦岛市,106,51
11日,葫芦岛市,75,31
12日,葫芦岛市,57,19
13日,葫芦岛市,39,6
14日,葫芦岛市,47,12
15日,葫芦岛市,59,38
16日,葫芦岛市,82,41
09日,长春市,90,67
10日,长春市,93,62
11日,长春市,99,59
12日,长春市,59,24
13日,长春市,35,12
14日,长春市,37,19
15日,长春市,48,17
16日,长春市,53,17
17日,长春市,73,43
18日,长春市,45,22
19日,长春市,55,17
20日,长春市,81,38
21日,长春市,53,37
22日,长春市,48,12
10日,吉林市,108,81
11日,吉林市,110,54
17日,吉林市,70,39
18日,吉林市,48,31
19日,吉林市,60,20
20日,吉林市,81,49
12日,吉林市,63,20
13日,吉林市,45,7
14日,吉林市,40,18
15日,吉林市,44,19
16日,吉林市,55,25
21日,吉林市,132,100
22日,吉林市,45,17
09日,吉林市,70,51
10日,四平市,84,61
11日,四平市,99,43
12日,四平市,43,22
13日,四平市,34,7
14日,四平市,42,17
15日,四平市,50,28
16日,四平市,62,25
09日,四平市,87,64
17日,四平市,80,30
18日,四平市,45,20
19日,四平市,57,24
20日,四平市,79,36
21日,四平市,69,50
22日,四平市,49,19
17日,辽源市,90,28
18日,辽源市,55,20
19日,辽源市,72,20
09日,辽源市,65,42
10日,辽源市,95,45
11日,辽源市,104,32
12日,辽源市,72,9
13日,辽源市,37,2
14日,辽源市,57,15
15日,辽源市,59,19
16日,辽源市,69,24
20日,辽源市,90,30
21日,辽源市,57,40
22日,辽源市,57,8
10日,通化市,70,32
11日,通化市,89,32
12日,通化市,57,10
13日,通化市,39,6
09日,通化市,52,34
14日,通化市,46,11
15日,通化市,45,12
16日,通化市,55,20
17日,通化市,87,26
18日,通化市,51,18
19日,通化市,42,6
20日,通化市,54,18
21日,通化市,74,13
22日,通化市,44,10
17日,白山市,79,26
10日,白山市,67,32
11日,白山市,77,32
12日,白山市,69,20
13日,白山市,39,7
14日,白山市,44,10
15日,白山市,43,18
18日,白山市,50,19
19日,白山市,40,13
20日,白山市,55,14
21日,白山市,68,14
22日,白山市,43,9
09日,白山市,61,34
16日,白山市,57,22
09日,松原市,79,50
10日,松原市,89,66
11日,松原市,93,56
12日,松原市,48,27
13日,松原市,49,14
14日,松原市,43,10
15日,松原市,44,11
16日,松原市,47,20
17日,松原市,79,58
18日,松原市,42,21
19日,松原市,42,18
20日,松原市,55,32
21日,松原市,44,22
22日,松原市,44,8
17日,白城市,69,50
18日,白城市,46,16
19日,白城市,46,12
20日,白城市,55,22
21日,白城市,53,29
22日,白城市,47,9
10日,白城市,73,48
11日,白城市,109,82
12日,白城市,39,10
13日,白城市,42,12
14日,白城市,44,14
15日,白城市,45,16
16日,白城市,52,16
09日,白城市,60,26
09日,延边朝鲜族自治州,50,24
10日,延边朝鲜族自治州,70,28
11日,延边朝鲜族自治州,80,29
12日,延边朝鲜族自治州,63,16
13日,延边朝鲜族自治州,60,4
14日,延边朝鲜族自治州,43,5
15日,延边朝鲜族自治州,45,13
16日,延边朝鲜族自治州,53,10
17日,延边朝鲜族自治州,60,11
18日,延边朝鲜族自治州,48,20
19日,延边朝鲜族自治州,43,17
20日,延边朝鲜族自治州,57,15
21日,延边朝鲜族自治州,53,14
22日,延边朝鲜族自治州,47,9
17日,哈尔滨市,208,158
18日,哈尔滨市,48,33
19日,哈尔滨市,45,21
20日,哈尔滨市,83,61
21日,哈尔滨市,65,45
22日,哈尔滨市,46,10
09日,哈尔滨市,114,86
10日,哈尔滨市,208,158
11日,哈尔滨市,238,188
12日,哈尔滨市,65,47
13日,哈尔滨市,55,23
14日,哈尔滨市,46,14
15日,哈尔滨市,48,12
16日,哈尔滨市,53,33
17日,齐齐哈尔市,45,23
18日,齐齐哈尔市,39,12
19日,齐齐哈尔市,43,15
20日,齐齐哈尔市,64,46
21日,齐齐哈尔市,99,74
22日,齐齐哈尔市,48,7
09日,齐齐哈尔市,70,51
10日,齐齐哈尔市,134,102
11日,齐齐哈尔市,65,33
12日,齐齐哈尔市,36,6
13日,齐齐哈尔市,40,7
14日,齐齐哈尔市,48,13
15日,齐齐哈尔市,45,11
16日,齐齐哈尔市,48,17
17日,鸡西市,54,36
18日,鸡西市,48,33
19日,鸡西市,47,22
20日,鸡西市,67,48
21日,鸡西市,88,65
22日,鸡西市,39,16
09日,鸡西市,70,43
10日,鸡西市,79,48
11日,鸡西市,155,118
12日,鸡西市,83,61
13日,鸡西市,52,17
14日,鸡西市,41,12
15日,鸡西市,36,13
16日,鸡西市,53,19
09日,鹤岗市,56,30
17日,鹤岗市,71,42
18日,鹤岗市,50,35
19日,鹤岗市,35,22
20日,鹤岗市,37,16
21日,鹤岗市,49,30
22日,鹤岗市,44,28
10日,鹤岗市,66,41
11日,鹤岗市,42,21
12日,鹤岗市,63,45
13日,鹤岗市,48,22
14日,鹤岗市,43,18
15日,鹤岗市,44,14
16日,鹤岗市,44,14
17日,双鸭山市,88,65
18日,双鸭山市,69,50
19日,双鸭山市,49,17
20日,双鸭山市,39,20
21日,双鸭山市,70,41
22日,双鸭山市,42,24
09日,双鸭山市,80,44
10日,双鸭山市,114,86
11日,双鸭山市,135,103
12日,双鸭山市,73,42
13日,双鸭山市,65,47
14日,双鸭山市,48,22
15日,双鸭山市,48,24
16日,双鸭山市,46,19
17日,大庆市,60,37
18日,大庆市,42,22
19日,大庆市,42,19
20日,大庆市,59,30
21日,大庆市,45,25
22日,大庆市,45,10
09日,大庆市,65,44
10日,大庆市,139,106
11日,大庆市,122,92
12日,大庆市,50,26
13日,大庆市,52,17
14日,大庆市,32,18
15日,大庆市,44,13
16日,大庆市,48,14
09日,伊春市,52,27
17日,伊春市,86,26
18日,伊春市,60,43
19日,伊春市,36,16
20日,伊春市,37,12
21日,伊春市,58,29
22日,伊春市,44,15
10日,伊春市,60,34
11日,伊春市,50,25
12日,伊春市,87,64
13日,伊春市,71,18
14日,伊春市,43,12
15日,伊春市,48,10
16日,伊春市,48,11
17日,佳木斯市,124,94
18日,佳木斯市,84,62
19日,佳木斯市,47,15
20日,佳木斯市,39,18
21日,佳木斯市,72,52
22日,佳木斯市,45,24
09日,佳木斯市,65,38
10日,佳木斯市,82,60
11日,佳木斯市,124,94
12日,佳木斯市,66,45
13日,佳木斯市,54,34
14日,佳木斯市,48,14
15日,佳木斯市,41,16
16日,佳木斯市,49,20
17日,七台河市,61,37
18日,七台河市,40,27
19日,七台河市,47,16
20日,七台河市,64,46
21日,七台河市,74,54
22日,七台河市,39,27
09日,七台河市,65,47
10日,七台河市,127,96
11日,七台河市,127,96
12日,七台河市,91,60
13日,七台河市,55,15
14日,七台河市,43,13
15日,七台河市,35,17
16日,七台河市,59,31
17日,牡丹江市,67,44
18日,牡丹江市,50,35
19日,牡丹江市,48,18
20日,牡丹江市,62,34
21日,牡丹江市,68,49
22日,牡丹江市,40,20
09日,牡丹江市,56,32
10日,牡丹江市,70,37
11日,牡丹江市,75,55
12日,牡丹江市,68,41
13日,牡丹江市,67,17
14日,牡丹江市,44,15
15日,牡丹江市,40,18
16日,牡丹江市,52,19
09日,黑河市,44,21
10日,黑河市,41,16
11日,黑河市,36,16
12日,黑河市,34,14
13日,黑河市,36,12
14日,黑河市,43,13
15日,黑河市,42,13
16日,黑河市,43,16
17日,黑河市,46,18
18日,黑河市,48,33
19日,黑河市,36,20
20日,黑河市,40,18
21日,黑河市,37,16
22日,黑河市,48,33
10日,绥化市,109,82
11日,绥化市,97,72
12日,绥化市,97,72
13日,绥化市,59,14
14日,绥化市,45,12
15日,绥化市,48,10
16日,绥化市,52,18
17日,绥化市,95,71
18日,绥化市,49,34
19日,绥化市,39,18
20日,绥化市,172,130
21日,绥化市,180,136
22日,绥化市,45,8
09日,绥化市,83,61
10日,大兴安岭地区,46,12
11日,大兴安岭地区,39,8
12日,大兴安岭地区,40,10
13日,大兴安岭地区,41,10
14日,大兴安岭地区,48,12
15日,大兴安岭地区,47,10
16日,大兴安岭地区,47,12
17日,大兴安岭地区,42,15
18日,大兴安岭地区,40,12
19日,大兴安岭地区,41,10
20日,大兴安岭地区,45,13
21日,大兴安岭地区,47,14
22日,大兴安岭地区,44,10
09日,大兴安岭地区,46,14
17日,上海市,80,34
18日,上海市,100,34
19日,上海市,75,30
20日,上海市,78,35
10日,上海市,84,59
11日,上海市,68,45
12日,上海市,92,33
13日,上海市,91,26
14日,上海市,75,25
15日,上海市,89,23
16日,上海市,118,29
21日,上海市,59,27
22日,上海市,60,43
09日,上海市,127,55
09日,南京市,97,50
10日,南京市,97,43
11日,南京市,85,46
12日,南京市,170,63
13日,南京市,95,30
14日,南京市,71,25
15日,南京市,80,21
17日,南京市,90,31
18日,南京市,113,36
19日,南京市,108,50
20日,南京市,97,26
21日,南京市,53,34
22日,南京市,70,38
16日,南京市,79,23
09日,无锡市,132,51
10日,无锡市,125,64
11日,无锡市,90,44
12日,无锡市,142,47
13日,无锡市,95,27
14日,无锡市,76,25
17日,无锡市,77,25
18日,无锡市,133,35
19日,无锡市,121,44
20日,无锡市,91,27
21日,无锡市,53,36
22日,无锡市,68,33
15日,无锡市,94,20
16日,无锡市,102,22
09日,徐州市,90,54
17日,徐州市,90,45
18日,徐州市,100,60
19日,徐州市,84,47
20日,徐州市,91,37
21日,徐州市,43,29
22日,徐州市,83,46
10日,徐州市,103,56
11日,徐州市,64,38
12日,徐州市,167,52
13日,徐州市,87,28
14日,徐州市,67,21
15日,徐州市,85,24
16日,徐州市,94,30
17日,常州市,89,32
18日,常州市,144,39
09日,常州市,130,57
10日,常州市,116,76
11日,常州市,93,50
12日,常州市,131,54
13日,常州市,92,28
14日,常州市,74,24
15日,常州市,89,23
16日,常州市,97,29
19日,常州市,129,48
20日,常州市,85,28
21日,常州市,74,37
22日,常州市,74,35
10日,苏州市,111,62
11日,苏州市,104,45
12日,苏州市,120,40
13日,苏州市,89,28
09日,苏州市,126,53
17日,苏州市,67,31
18日,苏州市,120,37
19日,苏州市,111,48
20日,苏州市,86,28
21日,苏州市,55,39
22日,苏州市,60,34
14日,苏州市,80,30
15日,苏州市,85,23
16日,苏州市,98,28
09日,南通市,109,72
10日,南通市,93,44
11日,南通市,63,44
12日,南通市,107,34
13日,南通市,92,24
14日,南通市,67,17
15日,南通市,90,24
16日,南通市,100,25
17日,南通市,75,29
18日,南通市,137,33
19日,南通市,79,29
20日,南通市,66,17
21日,南通市,50,22
22日,南通市,72,27
10日,连云港市,80,36
11日,连云港市,65,39
12日,连云港市,90,29
13日,连云港市,60,14
14日,连云港市,64,17
15日,连云港市,79,20
16日,连云港市,104,22
17日,连云港市,86,40
18日,连云港市,81,52
19日,连云港市,79,48
20日,连云港市,70,30
21日,连云港市,56,18
22日,连云港市,80,35
09日,连云港市,79,39
17日,淮安市,90,34
18日,淮安市,90,59
19日,淮安市,94,70
09日,淮安市,89,63
10日,淮安市,78,46
11日,淮安市,97,72
12日,淮安市,156,49
13日,淮安市,77,28
14日,淮安市,65,24
15日,淮安市,72,24
16日,淮安市,91,26
20日,淮安市,71,32
21日,淮安市,54,37
22日,淮安市,76,38
10日,盐城市,78,34
11日,盐城市,68,47
12日,盐城市,94,46
09日,盐城市,105,60
17日,盐城市,111,34
18日,盐城市,108,51
19日,盐城市,84,47
20日,盐城市,71,21
21日,盐城市,75,26
22日,盐城市,77,22
13日,盐城市,76,22
14日,盐城市,70,21
15日,盐城市,83,22
16日,盐城市,109,31
09日,扬州市,107,71
17日,扬州市,109,38
18日,扬州市,143,47
19日,扬州市,109,57
20日,扬州市,80,27
21日,扬州市,70,47
22日,扬州市,75,31
10日,扬州市,110,63
11日,扬州市,104,78
12日,扬州市,170,55
13日,扬州市,100,33
14日,扬州市,66,22
15日,扬州市,93,26
16日,扬州市,97,26
10日,镇江市,110,72
11日,镇江市,100,75
12日,镇江市,148,68
13日,镇江市,103,34
17日,镇江市,100,35
18日,镇江市,131,43
19日,镇江市,111,60
09日,镇江市,103,77
14日,镇江市,69,26
15日,镇江市,80,23
16日,镇江市,90,25
20日,镇江市,82,30
21日,镇江市,73,53
22日,镇江市,70,46
09日,泰州市,105,63
17日,泰州市,100,34
18日,泰州市,157,45
19日,泰州市,98,52
20日,泰州市,70,24
21日,泰州市,65,42
22日,泰州市,75,31
10日,泰州市,92,49
11日,泰州市,93,69
12日,泰州市,120,56
13日,泰州市,85,25
14日,泰州市,68,18
15日,泰州市,91,23
16日,泰州市,92,28
09日,宿迁市,89,57
17日,宿迁市,86,43
18日,宿迁市,94,58
19日,宿迁市,93,62
20日,宿迁市,80,34
21日,宿迁市,49,34
22日,宿迁市,80,44
10日,宿迁市,82,47
11日,宿迁市,85,49
12日,宿迁市,129,40
13日,宿迁市,81,30
14日,宿迁市,70,21
15日,宿迁市,75,24
16日,宿迁市,100,25
17日,杭州市,57,29
18日,杭州市,115,39
19日,杭州市,72,51
20日,杭州市,137,51
21日,杭州市,52,34
22日,杭州市,45,21
09日,杭州市,110,45
10日,杭州市,84,38
11日,杭州市,106,39
12日,杭州市,121,49
13日,杭州市,79,25
14日,杭州市,85,31
15日,杭州市,88,22
16日,杭州市,80,24
10日,宁波市,96,23
17日,宁波市,59,27
18日,宁波市,82,28
19日,宁波市,47,20
20日,宁波市,104,32
21日,宁波市,58,20
22日,宁波市,46,20
11日,宁波市,89,24
12日,宁波市,131,46
13日,宁波市,98,30
14日,宁波市,83,32
15日,宁波市,100,22
16日,宁波市,96,24
09日,宁波市,102,29
17日,温州市,84,52
18日,温州市,81,35
19日,温州市,47,25
20日,温州市,74,37
10日,温州市,95,30
11日,温州市,75,30
12日,温州市,52,32
13日,温州市,88,34
14日,温州市,90,40
15日,温州市,99,30
16日,温州市,84,31
09日,温州市,75,41
21日,温州市,78,34
22日,温州市,50,28
09日,嘉兴市,113,43
10日,嘉兴市,121,44
11日,嘉兴市,134,42
12日,嘉兴市,125,46
13日,嘉兴市,95,31
14日,嘉兴市,82,32
15日,嘉兴市,85,24
16日,嘉兴市,100,30
17日,嘉兴市,64,36
18日,嘉兴市,120,34
19日,嘉兴市,93,42
20日,嘉兴市,108,34
21日,嘉兴市,60,24
22日,嘉兴市,55,24
17日,湖州市,60,30
18日,湖州市,135,42
09日,湖州市,129,49
10日,湖州市,120,49
11日,湖州市,120,47
12日,湖州市,152,54
13日,湖州市,84,28
14日,湖州市,81,30
15日,湖州市,84,24
16日,湖州市,80,28
19日,湖州市,126,66
20日,湖州市,130,50
21日,湖州市,59,42
22日,湖州市,78,32
17日,衢州市,59,34
18日,衢州市,79,36
19日,衢州市,54,35
20日,衢州市,85,40
21日,衢州市,70,51
22日,衢州市,37,9
09日,衢州市,77,44
10日,衢州市,79,25
11日,衢州市,80,29
12日,衢州市,103,48
13日,衢州市,154,63
14日,衢州市,97,38
15日,衢州市,78,23
16日,衢州市,59,23
17日,舟山市,66,29
18日,舟山市,59,18
19日,舟山市,36,11
20日,舟山市,76,21
10日,舟山市,74,29
11日,舟山市,70,17
12日,舟山市,95,34
13日,舟山市,102,25
14日,舟山市,76,26
15日,舟山市,84,21
16日,舟山市,82,20
09日,舟山市,51,16
21日,舟山市,56,11
22日,舟山市,44,25
17日,台州市,66,36
18日,台州市,74,33
19日,台州市,47,16
09日,台州市,83,34
10日,台州市,90,26
11日,台州市,82,26
12日,台州市,65,27
13日,台州市,98,27
14日,台州市,91,34
15日,台州市,102,24
16日,台州市,82,28
20日,台州市,95,34
21日,台州市,80,25
22日,台州市,55,18
10日,丽水市,87,20
11日,丽水市,89,20
12日,丽水市,65,28
13日,丽水市,99,32
14日,丽水市,77,27
17日,丽水市,53,31
18日,丽水市,89,31
19日,丽水市,46,26
20日,丽水市,66,21
21日,丽水市,46,23
22日,丽水市,34,6
09日,丽水市,82,38
15日,丽水市,79,20
16日,丽水市,80,23
17日,绍兴市,56,35
18日,绍兴市,113,42
19日,绍兴市,62,38
20日,绍兴市,140,56
21日,绍兴市,71,31
22日,绍兴市,50,26
09日,绍兴市,118,44
10日,绍兴市,94,35
11日,绍兴市,106,34
12日,绍兴市,125,54
13日,绍兴市,92,29
14日,绍兴市,89,34
15日,绍兴市,90,22
16日,绍兴市,88,25
17日,金华市,62,37
18日,金华市,80,35
09日,金华市,89,50
10日,金华市,89,31
11日,金华市,99,29
12日,金华市,94,44
13日,金华市,151,57
14日,金华市,93,40
15日,金华市,85,27
16日,金华市,87,31
19日,金华市,68,47
20日,金华市,119,48
21日,金华市,63,39
22日,金华市,39,21
09日,合肥市,102,42
10日,合肥市,74,37
11日,合肥市,69,32
12日,合肥市,137,52
13日,合肥市,86,27
14日,合肥市,75,27
15日,合肥市,76,21
17日,合肥市,90,38
18日,合肥市,106,38
19日,合肥市,93,46
20日,合肥市,116,36
21日,合肥市,53,30
22日,合肥市,68,49
16日,合肥市,90,25
10日,芜湖市,73,38
17日,芜湖市,83,38
18日,芜湖市,114,41
09日,芜湖市,113,43
19日,芜湖市,92,56
20日,芜湖市,117,30
21日,芜湖市,55,23
22日,芜湖市,61,34
11日,芜湖市,85,42
12日,芜湖市,232,67
13日,芜湖市,114,50
14日,芜湖市,92,42
15日,芜湖市,77,31
16日,芜湖市,74,25
17日,蚌埠市,103,39
18日,蚌埠市,118,45
19日,蚌埠市,96,55
20日,蚌埠市,84,29
21日,蚌埠市,56,36
22日,蚌埠市,75,52
09日,蚌埠市,94,60
10日,蚌埠市,102,76
11日,蚌埠市,73,51
12日,蚌埠市,222,66
13日,蚌埠市,105,39
14日,蚌埠市,66,21
15日,蚌埠市,77,22
16日,蚌埠市,92,27
10日,淮南市,103,66
11日,淮南市,80,56
12日,淮南市,377,70
13日,淮南市,117,40
14日,淮南市,68,23
15日,淮南市,75,20
16日,淮南市,86,27
17日,淮南市,97,41
18日,淮南市,110,46
19日,淮南市,79,49
20日,淮南市,85,30
21日,淮南市,55,39
22日,淮南市,78,57
09日,淮南市,93,60
10日,马鞍山市,82,43
11日,马鞍山市,81,47
12日,马鞍山市,206,72
13日,马鞍山市,109,52
14日,马鞍山市,79,40
15日,马鞍山市,79,29
16日,马鞍山市,80,24
09日,马鞍山市,104,44
17日,马鞍山市,90,38
18日,马鞍山市,116,44
19日,马鞍山市,120,68
20日,马鞍山市,104,28
21日,马鞍山市,54,38
22日,马鞍山市,76,45
17日,淮北市,90,49
18日,淮北市,114,53
19日,淮北市,75,41
09日,淮北市,87,59
20日,淮北市,86,30
21日,淮北市,46,29
22日,淮北市,79,38
10日,淮北市,104,61
11日,淮北市,65,38
12日,淮北市,186,60
13日,淮北市,87,36
14日,淮北市,69,27
15日,淮北市,88,36
16日,淮北市,95,34
10日,铜陵市,68,34
11日,铜陵市,67,34
12日,铜陵市,185,62
13日,铜陵市,118,42
09日,铜陵市,95,40
14日,铜陵市,90,38
15日,铜陵市,71,22
16日,铜陵市,58,25
17日,铜陵市,70,34
18日,铜陵市,95,39
19日,铜陵市,85,46
20日,铜陵市,115,40
21日,铜陵市,62,34
22日,铜陵市,65,35
17日,安庆市,80,36
18日,安庆市,79,38
19日,安庆市,87,55
20日,安庆市,130,43
21日,安庆市,51,19
22日,安庆市,47,32
09日,安庆市,99,40
10日,安庆市,81,37
11日,安庆市,69,30
12日,安庆市,174,58
13日,安庆市,120,44
14日,安庆市,99,42
15日,安庆市,80,20
16日,安庆市,65,23
10日,黄山市,70,26
11日,黄山市,64,23
12日,黄山市,139,95
13日,黄山市,105,48
14日,黄山市,96,46
15日,黄山市,72,20
16日,黄山市,71,21
09日,黄山市,80,32
17日,黄山市,75,29
18日,黄山市,73,31
19日,黄山市,57,30
20日,黄山市,87,38
21日,黄山市,43,24
22日,黄山市,35,9
10日,滁州市,104,60
11日,滁州市,87,56
12日,滁州市,183,68
13日,滁州市,86,32
14日,滁州市,71,25
15日,滁州市,85,26
16日,滁州市,99,28
09日,滁州市,95,59
17日,滁州市,102,38
18日,滁州市,132,42
19日,滁州市,108,62
20日,滁州市,108,34
21日,滁州市,63,45
22日,滁州市,81,52
09日,阜阳市,82,54
17日,阜阳市,101,41
18日,阜阳市,111,44
19日,阜阳市,67,25
20日,阜阳市,96,30
21日,阜阳市,57,36
22日,阜阳市,73,35
10日,阜阳市,98,53
11日,阜阳市,71,46
12日,阜阳市,219,51
13日,阜阳市,113,42
14日,阜阳市,70,21
15日,阜阳市,80,19
16日,阜阳市,96,28
17日,宿州市,94,40
18日,宿州市,111,49
19日,宿州市,90,42
20日,宿州市,85,35
21日,宿州市,46,25
22日,宿州市,78,41
09日,宿州市,80,56
10日,宿州市,99,65
11日,宿州市,70,44
12日,宿州市,225,62
13日,宿州市,91,28
14日,宿州市,72,21
15日,宿州市,87,21
16日,宿州市,100,24
10日,六安市,79,34
11日,六安市,58,30
17日,六安市,84,37
18日,六安市,85,36
19日,六安市,75,38
20日,六安市,115,46
21日,六安市,67,27
22日,六安市,82,60
09日,六安市,85,40
12日,六安市,190,63
13日,六安市,97,32
14日,六安市,79,31
15日,六安市,75,16
16日,六安市,75,24
09日,亳州市,94,70
10日,亳州市,101,75
11日,亳州市,64,44
12日,亳州市,340,60
13日,亳州市,88,21
14日,亳州市,72,11
15日,亳州市,83,13
16日,亳州市,90,22
17日,亳州市,89,38
18日,亳州市,118,39
19日,亳州市,65,16
20日,亳州市,92,25
21日,亳州市,45,24
22日,亳州市,76,33
10日,池州市,84,31
11日,池州市,73,31
09日,池州市,102,37
12日,池州市,157,61
13日,池州市,116,48
14日,池州市,96,46
15日,池州市,81,18
16日,池州市,70,21
17日,池州市,85,34
18日,池州市,91,37
19日,池州市,85,47
20日,池州市,121,42
21日,池州市,50,24
22日,池州市,44,26
09日,宣城市,120,38
10日,宣城市,91,34
11日,宣城市,89,36
12日,宣城市,175,64
13日,宣城市,86,33
14日,宣城市,86,41
15日,宣城市,77,24
16日,宣城市,70,23
17日,宣城市,75,33
18日,宣城市,113,38
19日,宣城市,104,52
20日,宣城市,122,40
21日,宣城市,51,28
22日,宣城市,40,28
17日,福州市,82,33
18日,福州市,79,32
10日,福州市,71,28
11日,福州市,85,31
12日,福州市,43,24
13日,福州市,109,42
14日,福州市,96,46
15日,福州市,100,34
19日,福州市,52,36
20日,福州市,45,10
21日,福州市,78,36
22日,福州市,69,37
09日,福州市,86,46
16日,福州市,105,28
09日,厦门市,60,36
10日,厦门市,76,27
11日,厦门市,72,25
12日,厦门市,25,13
13日,厦门市,107,42
14日,厦门市,86,38
15日,厦门市,99,37
16日,厦门市,98,29
17日,厦门市,60,21
18日,厦门市,57,23
19日,厦门市,51,23
20日,厦门市,35,24
21日,厦门市,36,19
22日,厦门市,44,20
17日,莆田市,68,28
18日,莆田市,70,30
19日,莆田市,54,30
20日,莆田市,43,17
21日,莆田市,67,30
22日,莆田市,49,31
10日,莆田市,69,39
11日,莆田市,84,37
12日,莆田市,36,16
13日,莆田市,110,50
14日,莆田市,103,51
15日,莆田市,100,35
16日,莆田市,120,34
09日,莆田市,90,52
09日,三明市,70,51
10日,三明市,55,20
11日,三明市,58,35
12日,三明市,86,37
13日,三明市,100,41
14日,三明市,84,43
15日,三明市,75,34
16日,三明市,81,32
17日,三明市,68,37
18日,三明市,70,36
19日,三明市,41,26
20日,三明市,32,20
21日,三明市,41,23
22日,三明市,43,21
17日,泉州市,63,24
18日,泉州市,72,26
19日,泉州市,51,25
10日,泉州市,75,37
11日,泉州市,79,29
12日,泉州市,31,16
13日,泉州市,119,48
09日,泉州市,84,46
20日,泉州市,49,34
21日,泉州市,58,25
22日,泉州市,45,26
14日,泉州市,95,43
15日,泉州市,102,37
16日,泉州市,126,33
10日,漳州市,59,35
11日,漳州市,60,33
12日,漳州市,53,29
13日,漳州市,123,58
17日,漳州市,65,30
18日,漳州市,74,29
19日,漳州市,52,29
20日,漳州市,50,34
21日,漳州市,50,35
22日,漳州市,55,28
14日,漳州市,85,47
15日,漳州市,97,48
16日,漳州市,94,39
09日,漳州市,90,67
17日,南平市,60,37
18日,南平市,70,33
19日,南平市,48,33
20日,南平市,32,14
21日,南平市,37,23
22日,南平市,40,20
09日,南平市,59,40
10日,南平市,52,16
11日,南平市,48,24
12日,南平市,56,25
13日,南平市,93,34
14日,南平市,83,37
15日,南平市,79,29
16日,南平市,90,33
10日,龙岩市,62,18
11日,龙岩市,44,26
12日,龙岩市,75,29
13日,龙岩市,96,34
14日,龙岩市,81,33
15日,龙岩市,84,33
16日,龙岩市,90,31
09日,龙岩市,60,38
17日,龙岩市,70,26
18日,龙岩市,54,24
19日,龙岩市,29,19
20日,龙岩市,24,14
21日,龙岩市,39,17
22日,龙岩市,41,21
10日,宁德市,65,24
11日,宁德市,79,29
09日,宁德市,80,36
12日,宁德市,50,35
13日,宁德市,109,38
14日,宁德市,79,40
15日,宁德市,100,32
16日,宁德市,92,30
17日,宁德市,75,46
18日,宁德市,99,48
19日,宁德市,64,46
20日,宁德市,35,18
21日,宁德市,66,46
22日,宁德市,84,44
17日,南昌市,78,39
18日,南昌市,94,38
19日,南昌市,42,20
20日,南昌市,54,25
21日,南昌市,47,13
22日,南昌市,46,17
10日,南昌市,83,30
11日,南昌市,62,30
12日,南昌市,209,75
13日,南昌市,192,76
14日,南昌市,134,57
15日,南昌市,92,25
16日,南昌市,66,37
09日,南昌市,76,52
10日,景德镇市,80,28
11日,景德镇市,64,25
12日,景德镇市,158,61
13日,景德镇市,143,52
14日,景德镇市,99,36
17日,景德镇市,75,30
18日,景德镇市,74,28
19日,景德镇市,46,22
20日,景德镇市,50,20
21日,景德镇市,37,19
22日,景德镇市,32,10
15日,景德镇市,84,19
16日,景德镇市,60,24
09日,景德镇市,94,44
17日,萍乡市,67,44
18日,萍乡市,78,40
19日,萍乡市,41,16
20日,萍乡市,45,20
09日,萍乡市,63,45
10日,萍乡市,66,38
11日,萍乡市,54,38
12日,萍乡市,269,95
13日,萍乡市,195,89
14日,萍乡市,127,65
15日,萍乡市,87,35
16日,萍乡市,63,34
21日,萍乡市,40,20
22日,萍乡市,35,24
10日,九江市,90,38
11日,九江市,66,28
12日,九江市,199,65
13日,九江市,109,40
14日,九江市,112,42
15日,九江市,93,20
16日,九江市,60,28
17日,九江市,87,37
18日,九江市,85,34
19日,九江市,73,48
20日,九江市,59,41
21日,九江市,37,18
22日,九江市,45,31
09日,九江市,97,48
17日,新余市,75,41
18日,新余市,79,32
19日,新余市,44,10
20日,新余市,50,13
21日,新余市,41,20
22日,新余市,41,10
09日,新余市,61,41
10日,新余市,65,32
11日,新余市,65,29
12日,新余市,151,62
13日,新余市,154,62
14日,新余市,104,42
15日,新余市,82,24
16日,新余市,64,32
17日,鹰潭市,64,35
18日,鹰潭市,70,34
19日,鹰潭市,39,11
20日,鹰潭市,38,11
21日,鹰潭市,39,14
22日,鹰潭市,37,12
09日,鹰潭市,58,38
10日,鹰潭市,80,29
11日,鹰潭市,50,26
12日,鹰潭市,160,55
13日,鹰潭市,138,37
14日,鹰潭市,123,39
15日,鹰潭市,83,23
16日,鹰潭市,58,26
10日,赣州市,75,35
11日,赣州市,47,30
12日,赣州市,97,34
13日,赣州市,178,64
14日,赣州市,117,50
15日,赣州市,75,31
16日,赣州市,90,27
09日,赣州市,60,42
17日,赣州市,67,25
18日,赣州市,55,22
19日,赣州市,43,11
20日,赣州市,37,12
21日,赣州市,32,18
22日,赣州市,38,18
17日,吉安市,67,31
18日,吉安市,79,29
10日,吉安市,62,41
11日,吉安市,57,32
12日,吉安市,130,52
13日,吉安市,160,58
09日,吉安市,62,44
14日,吉安市,113,45
15日,吉安市,91,30
16日,吉安市,76,26
19日,吉安市,48,13
20日,吉安市,43,15
21日,吉安市,40,18
22日,吉安市,39,12
09日,宜春市,54,34
17日,宜春市,66,35
18日,宜春市,77,31
19日,宜春市,48,11
20日,宜春市,48,16
21日,宜春市,44,18
22日,宜春市,35,12
10日,宜春市,62,31
11日,宜春市,58,33
12日,宜春市,203,84
13日,宜春市,178,66
14日,宜春市,120,48
15日,宜春市,78,23
16日,宜春市,57,26
09日,抚州市,56,36
17日,抚州市,63,28
18日,抚州市,62,26
19日,抚州市,34,17
20日,抚州市,34,10
21日,抚州市,35,11
22日,抚州市,38,9
10日,抚州市,49,19
11日,抚州市,41,20
12日,抚州市,152,55
13日,抚州市,156,50
14日,抚州市,111,42
15日,抚州市,73,25
16日,抚州市,53,20
10日,上饶市,85,30
11日,上饶市,70,26
12日,上饶市,106,46
17日,上饶市,55,27
18日,上饶市,76,30
19日,上饶市,37,18
20日,上饶市,49,18
21日,上饶市,41,17
22日,上饶市,45,8
09日,上饶市,75,39
13日,上饶市,133,50
14日,上饶市,89,35
15日,上饶市,84,28
16日,上饶市,55,23
17日,济南市,140,64
18日,济南市,81,32
19日,济南市,61,23
20日,济南市,112,31
21日,济南市,80,28
22日,济南市,72,41
09日,济南市,86,40
10日,济南市,95,40
11日,济南市,93,39
12日,济南市,185,49
13日,济南市,58,13
14日,济南市,75,20
15日,济南市,79,20
16日,济南市,105,39
17日,青岛市,99,48
18日,青岛市,70,40
19日,青岛市,61,31
20日,青岛市,58,28
10日,青岛市,77,37
11日,青岛市,63,24
12日,青岛市,103,20
13日,青岛市,54,9
14日,青岛市,58,14
15日,青岛市,64,20
16日,青岛市,95,28
21日,青岛市,47,20
22日,青岛市,61,19
09日,青岛市,70,23
17日,淄博市,116,62
18日,淄博市,64,32
19日,淄博市,76,27
20日,淄博市,100,33
21日,淄博市,85,30
22日,淄博市,72,52
09日,淄博市,77,42
10日,淄博市,90,47
11日,淄博市,96,38
12日,淄博市,138,37
13日,淄博市,53,11
14日,淄博市,72,17
15日,淄博市,75,20
16日,淄博市,102,36
10日,枣庄市,102,55
11日,枣庄市,72,41
12日,枣庄市,142,40
13日,枣庄市,78,21
14日,枣庄市,72,22
17日,枣庄市,87,45
18日,枣庄市,100,58
19日,枣庄市,81,40
20日,枣庄市,107,40
21日,枣庄市,48,31
22日,枣庄市,91,42
09日,枣庄市,88,47
15日,枣庄市,89,24
16日,枣庄市,95,29
09日,东营市,81,22
17日,东营市,108,53
18日,东营市,49,15
19日,东营市,74,9
20日,东营市,80,21
21日,东营市,89,29
22日,东营市,52,25
10日,东营市,91,31
11日,东营市,97,36
12日,东营市,168,37
13日,东营市,59,13
14日,东营市,71,12
15日,东营市,75,18
16日,东营市,94,35
10日,烟台市,75,33
11日,烟台市,75,19
12日,烟台市,83,20
13日,烟台市,72,12
14日,烟台市,44,9
09日,烟台市,50,17
17日,烟台市,81,46
18日,烟台市,46,21
19日,烟台市,51,24
20日,烟台市,65,38
21日,烟台市,62,12
15日,烟台市,79,26
16日,烟台市,84,38
22日,烟台市,57,19
09日,潍坊市,89,27
17日,潍坊市,123,59
18日,潍坊市,69,32
19日,潍坊市,71,18
20日,潍坊市,91,26
21日,潍坊市,66,23
22日,潍坊市,60,30
10日,潍坊市,84,29
11日,潍坊市,93,38
12日,潍坊市,129,31
13日,潍坊市,59,12
14日,潍坊市,67,16
15日,潍坊市,76,20
16日,潍坊市,107,35
09日,济宁市,98,55
10日,济宁市,114,57
11日,济宁市,66,38
12日,济宁市,177,70
13日,济宁市,68,21
14日,济宁市,70,19
15日,济宁市,84,30
16日,济宁市,90,38
17日,济宁市,96,52
18日,济宁市,110,49
19日,济宁市,58,27
20日,济宁市,100,37
21日,济宁市,43,26
22日,济宁市,63,33
17日,泰安市,127,66
18日,泰安市,102,51
19日,泰安市,75,35
20日,泰安市,115,41
21日,泰安市,64,38
22日,泰安市,76,31
09日,泰安市,89,42
10日,泰安市,90,54
11日,泰安市,86,48
12日,泰安市,143,41
13日,泰安市,57,19
14日,泰安市,73,24
15日,泰安市,77,26
16日,泰安市,103,42
17日,威海市,84,40
18日,威海市,46,18
19日,威海市,60,19
20日,威海市,61,31
21日,威海市,62,10
22日,威海市,56,13
09日,威海市,57,17
10日,威海市,62,22
11日,威海市,75,14
12日,威海市,64,16
13日,威海市,65,9
14日,威海市,44,6
15日,威海市,75,19
16日,威海市,102,36
17日,日照市,103,49
09日,日照市,69,32
18日,日照市,76,48
19日,日照市,70,37
20日,日照市,61,29
21日,日照市,55,26
22日,日照市,67,27
10日,日照市,74,36
11日,日照市,61,31
12日,日照市,128,35
13日,日照市,56,12
14日,日照市,69,16
15日,日照市,80,22
16日,日照市,105,31
17日,临沂市,92,51
18日,临沂市,91,62
19日,临沂市,77,43
20日,临沂市,96,47
21日,临沂市,52,36
22日,临沂市,80,36
09日,临沂市,95,51
10日,临沂市,89,52
11日,临沂市,65,46
12日,临沂市,126,28
13日,临沂市,59,14
14日,临沂市,71,20
15日,临沂市,87,31
16日,临沂市,103,35
09日,德州市,81,44
10日,德州市,95,54
11日,德州市,101,59
12日,德州市,245,54
13日,德州市,58,16
14日,德州市,78,24
15日,德州市,68,24
16日,德州市,94,43
17日,德州市,116,62
18日,德州市,63,21
19日,德州市,63,25
20日,德州市,116,47
21日,德州市,60,42
22日,德州市,71,39
17日,聊城市,151,69
18日,聊城市,89,32
19日,聊城市,64,27
20日,聊城市,108,40
21日,聊城市,57,33
22日,聊城市,68,31
09日,聊城市,90,55
10日,聊城市,102,59
11日,聊城市,85,53
12日,聊城市,160,50
13日,聊城市,64,14
14日,聊城市,78,17
15日,聊城市,75,27
16日,聊城市,103,43
17日,滨州市,105,66
18日,滨州市,55,23
19日,滨州市,67,18
20日,滨州市,101,36
21日,滨州市,103,43
22日,滨州市,64,46
09日,滨州市,81,33
10日,滨州市,99,49
11日,滨州市,87,46
12日,滨州市,135,41
13日,滨州市,58,20
14日,滨州市,73,19
15日,滨州市,73,26
16日,滨州市,88,40
17日,菏泽市,119,60
18日,菏泽市,106,50
19日,菏泽市,59,33
20日,菏泽市,92,44
21日,菏泽市,56,39
22日,菏泽市,67,39
09日,菏泽市,107,80
10日,菏泽市,99,73
11日,菏泽市,83,58
12日,菏泽市,166,79
13日,菏泽市,93,35
14日,菏泽市,60,23
15日,菏泽市,80,32
16日,菏泽市,102,50
09日,郑州市,92,56
17日,郑州市,126,78
18日,郑州市,98,60
19日,郑州市,68,42
20日,郑州市,108,36
21日,郑州市,68,41
22日,郑州市,88,35
10日,郑州市,112,70
11日,郑州市,102,51
12日,郑州市,470,106
13日,郑州市,101,54
14日,郑州市,66,30
15日,郑州市,88,38
16日,郑州市,130,75
17日,开封市,120,67
18日,开封市,110,52
19日,开封市,65,30
20日,开封市,97,38
21日,开封市,59,42
22日,开封市,70,38
10日,开封市,113,84
11日,开封市,87,61
12日,开封市,398,88
13日,开封市,107,38
14日,开封市,78,32
15日,开封市,85,37
16日,开封市,128,66
09日,开封市,92,56
09日,洛阳市,93,54
10日,洛阳市,90,57
11日,洛阳市,102,49
12日,洛阳市,500,104
13日,洛阳市,118,41
14日,洛阳市,58,16
15日,洛阳市,80,24
16日,洛阳市,109,58
17日,洛阳市,120,66
18日,洛阳市,107,58
19日,洛阳市,83,51
20日,洛阳市,101,57
21日,洛阳市,66,33
22日,洛阳市,152,69
09日,平顶山市,109,63
10日,平顶山市,110,63
11日,平顶山市,90,52
12日,平顶山市,500,97
13日,平顶山市,91,26
14日,平顶山市,71,19
15日,平顶山市,81,19
16日,平顶山市,91,38
17日,平顶山市,94,45
18日,平顶山市,110,43
19日,平顶山市,68,43
20日,平顶山市,100,48
21日,平顶山市,66,36
22日,平顶山市,90,39
09日,安阳市,90,67
10日,安阳市,99,74
11日,安阳市,102,64
12日,安阳市,330,69
13日,安阳市,71,24
14日,安阳市,72,17
15日,安阳市,80,32
16日,安阳市,133,77
17日,安阳市,171,108
18日,安阳市,100,57
19日,安阳市,62,44
20日,安阳市,99,45
21日,安阳市,62,38
22日,安阳市,75,34
09日,鹤壁市,87,61
10日,鹤壁市,100,66
11日,鹤壁市,103,65
12日,鹤壁市,308,65
13日,鹤壁市,76,27
14日,鹤壁市,73,16
15日,鹤壁市,80,23
16日,鹤壁市,129,62
17日,鹤壁市,147,80
18日,鹤壁市,98,51
19日,鹤壁市,69,50
20日,鹤壁市,98,46
21日,鹤壁市,60,40
22日,鹤壁市,73,34
10日,新乡市,103,63
11日,新乡市,101,62
12日,新乡市,235,63
13日,新乡市,93,28
14日,新乡市,81,23
15日,新乡市,90,36
16日,新乡市,111,59
09日,新乡市,86,56
17日,新乡市,139,80
18日,新乡市,100,49
19日,新乡市,62,44
20日,新乡市,101,43
21日,新乡市,71,36
22日,新乡市,83,32
17日,焦作市,140,88
18日,焦作市,106,59
19日,焦作市,89,66
20日,焦作市,108,50
21日,焦作市,66,37
22日,焦作市,95,43
09日,焦作市,90,64
10日,焦作市,92,54
11日,焦作市,109,55
12日,焦作市,415,76
13日,焦作市,97,29
14日,焦作市,69,18
15日,焦作市,87,30
16日,焦作市,112,66
17日,濮阳市,142,64
18日,濮阳市,98,42
19日,濮阳市,73,26
20日,濮阳市,114,46
21日,濮阳市,67,48
22日,濮阳市,74,40
09日,濮阳市,98,69
10日,濮阳市,99,65
11日,濮阳市,97,72
12日,濮阳市,233,51
13日,濮阳市,78,20
14日,濮阳市,77,15
15日,濮阳市,83,26
16日,濮阳市,105,46
09日,许昌市,100,61
17日,许昌市,95,55
18日,许昌市,101,57
19日,许昌市,62,44
20日,许昌市,101,42
21日,许昌市,57,40
22日,许昌市,86,46
10日,许昌市,106,77
11日,许昌市,81,53
12日,许昌市,405,96
13日,许昌市,91,32
14日,许昌市,69,22
15日,许昌市,74,32
16日,许昌市,95,47
10日,漯河市,99,71
17日,漯河市,89,50
18日,漯河市,97,48
19日,漯河市,57,31
20日,漯河市,94,41
21日,漯河市,61,38
22日,漯河市,74,40
09日,漯河市,105,74
11日,漯河市,69,42
12日,漯河市,500,90
13日,漯河市,104,40
14日,漯河市,70,22
15日,漯河市,77,24
16日,漯河市,91,46
17日,三门峡市,118,74
18日,三门峡市,113,64
19日,三门峡市,83,43
20日,三门峡市,110,56
21日,三门峡市,72,39
22日,三门峡市,179,95
09日,三门峡市,99,58
10日,三门峡市,81,46
11日,三门峡市,117,70
12日,三门峡市,444,142
13日,三门峡市,121,59
14日,三门峡市,68,29
15日,三门峡市,79,32
16日,三门峡市,91,56
17日,南阳市,98,44
18日,南阳市,100,40
19日,南阳市,65,35
20日,南阳市,88,30
21日,南阳市,49,31
22日,南阳市,89,39
09日,南阳市,83,53
10日,南阳市,93,47
11日,南阳市,67,41
12日,南阳市,360,80
13日,南阳市,125,56
14日,南阳市,73,19
15日,南阳市,84,26
16日,南阳市,75,33
10日,商丘市,110,82
11日,商丘市,75,55
12日,商丘市,302,72
13日,商丘市,91,27
14日,商丘市,70,18
15日,商丘市,82,26
16日,商丘市,81,38
09日,商丘市,94,70
17日,商丘市,89,49
18日,商丘市,106,44
19日,商丘市,54,28
20日,商丘市,88,36
21日,商丘市,60,37
22日,商丘市,64,40
10日,信阳市,95,35
11日,信阳市,60,24
12日,信阳市,169,59
13日,信阳市,117,52
17日,信阳市,115,41
18日,信阳市,114,36
19日,信阳市,66,23
20日,信阳市,105,32
21日,信阳市,44,25
22日,信阳市,66,28
09日,信阳市,81,42
14日,信阳市,71,30
15日,信阳市,98,22
16日,信阳市,107,30
17日,周口市,86,43
18日,周口市,95,42
19日,周口市,51,24
20日,周口市,102,35
21日,周口市,52,36
22日,周口市,69,38
09日,周口市,107,80
10日,周口市,99,72
11日,周口市,74,45
12日,周口市,364,80
13日,周口市,108,46
14日,周口市,74,22
15日,周口市,79,27
16日,周口市,82,37
17日,驻马店市,96,40
18日,驻马店市,102,40
19日,驻马店市,60,28
20日,驻马店市,96,43
21日,驻马店市,63,42
22日,驻马店市,69,32
09日,驻马店市,105,62
10日,驻马店市,105,57
11日,驻马店市,65,37
12日,驻马店市,427,72
13日,驻马店市,124,44
14日,驻马店市,67,19
15日,驻马店市,80,18
16日,驻马店市,82,32
17日,武汉市,97,46
18日,武汉市,110,45
19日,武汉市,67,35
20日,武汉市,116,38
21日,武汉市,42,23
22日,武汉市,54,36
10日,武汉市,91,30
11日,武汉市,59,35
12日,武汉市,168,61
13日,武汉市,115,49
14日,武汉市,98,46
15日,武汉市,84,27
16日,武汉市,65,33
09日,武汉市,110,53
09日,黄石市,132,47
17日,黄石市,95,39
18日,黄石市,108,35
19日,黄石市,76,39
20日,黄石市,101,38
21日,黄石市,48,17
22日,黄石市,53,30
10日,黄石市,130,32
11日,黄石市,65,25
12日,黄石市,169,67
13日,黄石市,97,42
14日,黄石市,92,37
15日,黄石市,98,22
16日,黄石市,58,28
10日,十堰市,69,30
11日,十堰市,55,34
12日,十堰市,243,120
13日,十堰市,112,75
14日,十堰市,69,42
15日,十堰市,65,29
16日,十堰市,65,40
09日,十堰市,67,39
17日,十堰市,91,46
18日,十堰市,77,56
19日,十堰市,75,36
20日,十堰市,85,36
21日,十堰市,54,32
22日,十堰市,124,64
17日,宜昌市,97,48
18日,宜昌市,97,46
19日,宜昌市,62,37
20日,宜昌市,90,42
21日,宜昌市,55,39
22日,宜昌市,79,33
09日,宜昌市,77,37
10日,宜昌市,74,24
11日,宜昌市,39,27
12日,宜昌市,307,98
13日,宜昌市,173,80
14日,宜昌市,133,62
15日,宜昌市,83,39
16日,宜昌市,81,44
17日,襄阳市,109,53
18日,襄阳市,110,46
19日,襄阳市,70,38
20日,襄阳市,96,38
09日,襄阳市,88,54
10日,襄阳市,94,34
11日,襄阳市,72,52
12日,襄阳市,362,80
13日,襄阳市,175,88
14日,襄阳市,95,52
15日,襄阳市,96,34
16日,襄阳市,107,44
21日,襄阳市,62,44
22日,襄阳市,89,34
17日,鄂州市,101,37
18日,鄂州市,116,39
19日,鄂州市,71,35
20日,鄂州市,102,42
21日,鄂州市,44,18
22日,鄂州市,53,35
09日,鄂州市,94,50
10日,鄂州市,89,33
11日,鄂州市,57,24
12日,鄂州市,167,58
13日,鄂州市,109,43
14日,鄂州市,99,37
15日,鄂州市,86,24
16日,鄂州市,60,29
09日,荆门市,110,60
17日,荆门市,101,59
18日,荆门市,113,51
19日,荆门市,73,50
20日,荆门市,104,45
21日,荆门市,69,49
22日,荆门市,74,30
10日,荆门市,94,32
11日,荆门市,59,42
12日,荆门市,409,91
13日,荆门市,197,90
14日,荆门市,102,53
15日,荆门市,99,42
16日,荆门市,96,59
17日,孝感市,104,40
18日,孝感市,124,42
19日,孝感市,68,25
09日,孝感市,101,50
10日,孝感市,91,31
11日,孝感市,63,36
12日,孝感市,282,67
13日,孝感市,145,52
14日,孝感市,112,36
15日,孝感市,98,22
16日,孝感市,81,29
20日,孝感市,135,35
21日,孝感市,44,24
22日,孝感市,61,31
09日,荆州市,109,57
17日,荆州市,87,51
18日,荆州市,97,48
19日,荆州市,67,41
20日,荆州市,88,40
21日,荆州市,65,32
22日,荆州市,62,31
10日,荆州市,87,33
11日,荆州市,52,36
12日,荆州市,209,94
13日,荆州市,148,76
14日,荆州市,124,76
15日,荆州市,91,45
16日,荆州市,70,45
17日,黄冈市,98,39
18日,黄冈市,113,38
19日,黄冈市,69,35
20日,黄冈市,97,48
21日,黄冈市,42,29
22日,黄冈市,65,47
10日,黄冈市,115,35
11日,黄冈市,65,36
12日,黄冈市,143,48
13日,黄冈市,98,36
14日,黄冈市,81,31
15日,黄冈市,90,23
16日,黄冈市,62,29
09日,黄冈市,124,49
17日,咸宁市,85,41
18日,咸宁市,82,36
19日,咸宁市,73,42
20日,咸宁市,67,43
09日,咸宁市,84,40
21日,咸宁市,43,22
22日,咸宁市,59,41
10日,咸宁市,90,27
11日,咸宁市,49,25
12日,咸宁市,276,73
13日,咸宁市,110,40
14日,咸宁市,114,50
15日,咸宁市,77,22
16日,咸宁市,65,26
17日,随州市,99,40
18日,随州市,109,41
19日,随州市,65,25
20日,随州市,109,35
21日,随州市,61,38
22日,随州市,66,25
10日,随州市,92,36
11日,随州市,62,44
12日,随州市,153,44
13日,随州市,94,43
14日,随州市,78,34
15日,随州市,85,24
16日,随州市,90,40
09日,随州市,73,51
17日,恩施土家族苗族自治州,69,41
18日,恩施土家族苗族自治州,80,41
19日,恩施土家族苗族自治州,53,34
20日,恩施土家族苗族自治州,34,19
21日,恩施土家族苗族自治州,32,14
22日,恩施土家族苗族自治州,50,19
10日,恩施土家族苗族自治州,63,25
11日,恩施土家族苗族自治州,30,21
12日,恩施土家族苗族自治州,110,48
13日,恩施土家族苗族自治州,120,63
14日,恩施土家族苗族自治州,103,53
15日,恩施土家族苗族自治州,72,38
16日,恩施土家族苗族自治州,68,39
09日,恩施土家族苗族自治州,54,31
09日,长沙市,75,55
17日,长沙市,96,44
18日,长沙市,90,42
19日,长沙市,45,20
20日,长沙市,59,42
21日,长沙市,47,18
22日,长沙市,53,28
10日,长沙市,89,41
11日,长沙市,70,37
12日,长沙市,200,61
13日,长沙市,150,61
14日,长沙市,146,69
15日,长沙市,91,41
16日,长沙市,72,37
17日,株洲市,85,41
18日,株洲市,80,45
19日,株洲市,42,19
20日,株洲市,50,33
21日,株洲市,46,20
22日,株洲市,52,23
10日,株洲市,74,49
11日,株洲市,63,40
12日,株洲市,212,68
13日,株洲市,168,70
14日,株洲市,144,69
15日,株洲市,87,43
16日,株洲市,76,36
09日,株洲市,77,56
09日,湘潭市,78,57
17日,湘潭市,90,41
18日,湘潭市,80,41
19日,湘潭市,42,22
20日,湘潭市,59,41
21日,湘潭市,45,17
22日,湘潭市,54,25
10日,湘潭市,83,52
11日,湘潭市,62,38
12日,湘潭市,215,66
13日,湘潭市,158,64
14日,湘潭市,140,68
15日,湘潭市,84,43
16日,湘潭市,70,38
09日,衡阳市,78,57
10日,衡阳市,64,46
11日,衡阳市,57,40
12日,衡阳市,196,78
13日,衡阳市,210,87
14日,衡阳市,142,77
15日,衡阳市,93,54
16日,衡阳市,86,43
17日,衡阳市,82,44
18日,衡阳市,73,37
19日,衡阳市,55,19
20日,衡阳市,49,19
21日,衡阳市,41,19
22日,衡阳市,41,21
10日,邵阳市,68,49
11日,邵阳市,59,42
12日,邵阳市,239,83
09日,邵阳市,97,72
13日,邵阳市,218,90
14日,邵阳市,125,61
15日,邵阳市,100,53
16日,邵阳市,97,56
17日,邵阳市,95,46
18日,邵阳市,70,44
19日,邵阳市,67,22
20日,邵阳市,46,24
21日,邵阳市,49,26
22日,邵阳市,44,20
09日,岳阳市,75,41
10日,岳阳市,83,28
11日,岳阳市,55,28
12日,岳阳市,162,60
13日,岳阳市,126,49
14日,岳阳市,123,61
15日,岳阳市,93,30
16日,岳阳市,60,28
17日,岳阳市,106,39
18日,岳阳市,93,35
19日,岳阳市,57,30
20日,岳阳市,65,44
21日,岳阳市,48,24
22日,岳阳市,65,27
17日,常德市,89,44
18日,常德市,100,46
19日,常德市,43,30
20日,常德市,74,48
21日,常德市,69,36
22日,常德市,61,23
09日,常德市,75,44
10日,常德市,65,40
11日,常德市,59,42
12日,常德市,403,103
13日,常德市,177,82
14日,常德市,143,76
15日,常德市,107,59
16日,常德市,87,56
10日,张家界市,63,33
11日,张家界市,55,39
12日,张家界市,89,38
13日,张家界市,236,99
14日,张家界市,111,59
15日,张家界市,77,42
17日,张家界市,75,38
18日,张家界市,69,37
19日,张家界市,47,14
20日,张家界市,50,32
21日,张家界市,41,25
22日,张家界市,50,27
16日,张家界市,67,41
09日,张家界市,60,39
10日,益阳市,79,46
17日,益阳市,98,40
18日,益阳市,94,36
19日,益阳市,49,23
20日,益阳市,70,51
21日,益阳市,48,25
22日,益阳市,45,24
09日,益阳市,71,45
11日,益阳市,61,36
12日,益阳市,153,83
13日,益阳市,107,57
14日,益阳市,97,64
15日,益阳市,97,39
16日,益阳市,59,33
10日,郴州市,50,19
11日,郴州市,47,31
12日,郴州市,128,56
17日,郴州市,95,38
18日,郴州市,59,31
19日,郴州市,46,14
20日,郴州市,38,13
21日,郴州市,37,20
22日,郴州市,37,14
13日,郴州市,154,69
14日,郴州市,110,54
15日,郴州市,79,39
16日,郴州市,124,38
09日,郴州市,65,47
10日,永州市,51,28
11日,永州市,57,40
12日,永州市,230,86
13日,永州市,289,104
14日,永州市,147,75
17日,永州市,81,46
18日,永州市,76,46
19日,永州市,63,24
20日,永州市,47,22
21日,永州市,42,27
22日,永州市,44,22
09日,永州市,82,60
15日,永州市,98,56
16日,永州市,90,56
17日,怀化市,82,45
18日,怀化市,64,40
19日,怀化市,55,16
20日,怀化市,39,22
21日,怀化市,45,26
22日,怀化市,40,18
10日,怀化市,62,44
11日,怀化市,57,40
12日,怀化市,50,22
13日,怀化市,123,57
14日,怀化市,110,60
15日,怀化市,87,50
16日,怀化市,82,51
09日,怀化市,74,54
10日,娄底市,74,54
11日,娄底市,64,46
12日,娄底市,347,103
17日,娄底市,85,54
18日,娄底市,73,48
19日,娄底市,40,21
20日,娄底市,53,34
21日,娄底市,42,27
22日,娄底市,50,22
13日,娄底市,182,90
14日,娄底市,128,77
15日,娄底市,98,62
16日,娄底市,88,60
09日,娄底市,87,64
10日,湘西土家族苗族自治州,59,42
11日,湘西土家族苗族自治州,70,51
12日,湘西土家族苗族自治州,51,16
13日,湘西土家族苗族自治州,138,63
14日,湘西土家族苗族自治州,104,52
15日,湘西土家族苗族自治州,82,45
16日,湘西土家族苗族自治州,73,45
17日,湘西土家族苗族自治州,77,46
18日,湘西土家族苗族自治州,61,35
19日,湘西土家族苗族自治州,51,18
20日,湘西土家族苗族自治州,46,32
21日,湘西土家族苗族自治州,43,30
22日,湘西土家族苗族自治州,45,20
09日,湘西土家族苗族自治州,69,50
17日,广州市,76,26
18日,广州市,60,26
19日,广州市,38,20
20日,广州市,40,21
10日,广州市,82,27
11日,广州市,39,20
12日,广州市,55,21
13日,广州市,272,92
14日,广州市,163,83
15日,广州市,100,51
09日,广州市,95,32
21日,广州市,46,19
22日,广州市,51,22
16日,广州市,123,42
17日,韶关市,90,39
18日,韶关市,69,40
19日,韶关市,31,17
20日,韶关市,27,18
21日,韶关市,56,23
22日,韶关市,38,23
10日,韶关市,66,25
11日,韶关市,52,36
12日,韶关市,99,42
13日,韶关市,210,91
14日,韶关市,132,69
15日,韶关市,83,42
16日,韶关市,131,41
09日,韶关市,90,67
17日,深圳市,62,22
18日,深圳市,51,20
19日,深圳市,28,15
20日,深圳市,27,15
21日,深圳市,25,14
22日,深圳市,27,16
09日,深圳市,46,21
10日,深圳市,40,18
11日,深圳市,29,16
12日,深圳市,41,17
13日,深圳市,173,75
14日,深圳市,166,87
15日,深圳市,117,61
16日,深圳市,83,34
17日,珠海市,65,25
18日,珠海市,51,22
19日,珠海市,30,16
20日,珠海市,27,15
21日,珠海市,25,15
22日,珠海市,28,16
09日,珠海市,52,25
10日,珠海市,38,19
11日,珠海市,28,16
12日,珠海市,34,15
13日,珠海市,187,68
14日,珠海市,167,76
15日,珠海市,178,59
16日,珠海市,90,38
17日,汕头市,65,29
18日,汕头市,59,25
19日,汕头市,34,20
20日,汕头市,33,23
21日,汕头市,29,19
22日,汕头市,31,19
10日,汕头市,46,24
11日,汕头市,48,33
12日,汕头市,53,23
13日,汕头市,125,47
14日,汕头市,107,48
15日,汕头市,107,51
16日,汕头市,83,37
09日,汕头市,60,34
17日,佛山市,74,28
18日,佛山市,56,25
10日,佛山市,74,24
11日,佛山市,35,20
12日,佛山市,64,23
13日,佛山市,232,76
14日,佛山市,160,76
09日,佛山市,90,31
19日,佛山市,35,19
20日,佛山市,38,18
21日,佛山市,32,16
22日,佛山市,39,18
15日,佛山市,108,61
16日,佛山市,117,42
10日,江门市,45,22
11日,江门市,33,17
12日,江门市,52,19
13日,江门市,220,82
14日,江门市,157,80
09日,江门市,61,28
15日,江门市,139,59
16日,江门市,98,42
17日,江门市,66,27
18日,江门市,49,20
19日,江门市,33,18
20日,江门市,33,16
21日,江门市,29,17
22日,江门市,30,16
09日,湛江市,56,27
10日,湛江市,33,21
11日,湛江市,30,17
12日,湛江市,54,24
13日,湛江市,176,75
14日,湛江市,158,83
15日,湛江市,135,67
17日,湛江市,84,39
18日,湛江市,62,30
19日,湛江市,43,25
20日,湛江市,34,16
21日,湛江市,33,16
22日,湛江市,52,27
16日,湛江市,150,60
17日,茂名市,90,35
18日,茂名市,61,24
19日,茂名市,40,17
20日,茂名市,32,20
21日,茂名市,29,16
22日,茂名市,38,17
09日,茂名市,49,25
10日,茂名市,36,20
11日,茂名市,32,15
12日,茂名市,53,25
13日,茂名市,180,79
14日,茂名市,171,82
15日,茂名市,160,78
16日,茂名市,123,51
17日,肇庆市,73,28
18日,肇庆市,66,33
19日,肇庆市,38,24
20日,肇庆市,34,20
09日,肇庆市,77,34
21日,肇庆市,37,17
22日,肇庆市,42,20
10日,肇庆市,65,28
11日,肇庆市,37,23
12日,肇庆市,72,33
13日,肇庆市,184,80
14日,肇庆市,149,71
15日,肇庆市,126,47
16日,肇庆市,115,42
10日,惠州市,59,21
11日,惠州市,31,18
12日,惠州市,55,21
13日,惠州市,183,77
14日,惠州市,153,77
09日,惠州市,71,24
17日,惠州市,62,22
18日,惠州市,54,21
19日,惠州市,28,15
20日,惠州市,40,18
21日,惠州市,36,15
22日,惠州市,41,18
15日,惠州市,112,55
16日,惠州市,85,34
17日,梅州市,64,28
18日,梅州市,51,24
19日,梅州市,26,18
20日,梅州市,28,19
21日,梅州市,32,18
22日,梅州市,38,20
10日,梅州市,63,21
11日,梅州市,43,28
12日,梅州市,81,30
13日,梅州市,108,43
14日,梅州市,93,48
15日,梅州市,90,42
16日,梅州市,97,39
09日,梅州市,56,36
09日,汕尾市,49,25
17日,汕尾市,57,23
18日,汕尾市,57,24
19日,汕尾市,28,19
20日,汕尾市,26,17
21日,汕尾市,26,16
22日,汕尾市,31,17
10日,汕尾市,43,18
11日,汕尾市,35,15
12日,汕尾市,48,17
13日,汕尾市,116,45
14日,汕尾市,125,58
15日,汕尾市,110,51
16日,汕尾市,77,32
09日,河源市,82,42
10日,河源市,80,36
11日,河源市,49,34
12日,河源市,67,32
13日,河源市,179,54
14日,河源市,113,51
15日,河源市,86,44
16日,河源市,95,38
17日,河源市,84,28
18日,河源市,56,26
19日,河源市,35,24
20日,河源市,40,28
21日,河源市,57,22
22日,河源市,60,24
10日,阳江市,40,20
11日,阳江市,30,12
12日,阳江市,54,19
13日,阳江市,199,73
14日,阳江市,146,67
15日,阳江市,131,62
16日,阳江市,129,46
17日,阳江市,79,29
18日,阳江市,54,24
19日,阳江市,41,16
20日,阳江市,30,14
21日,阳江市,27,15
22日,阳江市,26,13
09日,阳江市,59,24
10日,清远市,110,31
11日,清远市,53,28
12日,清远市,88,30
13日,清远市,206,75
17日,清远市,110,31
18日,清远市,93,41
19日,清远市,44,24
20日,清远市,44,24
21日,清远市,53,17
22日,清远市,60,26
09日,清远市,117,49
14日,清远市,151,66
15日,清远市,92,40
16日,清远市,149,40
17日,东莞市,65,24
18日,东莞市,55,23
19日,东莞市,30,17
20日,东莞市,41,16
21日,东莞市,39,16
22日,东莞市,45,19
10日,东莞市,71,20
11日,东莞市,36,15
12日,东莞市,48,18
13日,东莞市,228,86
14日,东莞市,180,90
15日,东莞市,109,56
16日,东莞市,111,40
09日,东莞市,80,23
17日,中山市,61,24
18日,中山市,41,19
09日,中山市,60,22
10日,中山市,49,19
11日,中山市,30,15
12日,中山市,36,13
13日,中山市,199,64
14日,中山市,153,74
15日,中山市,145,52
16日,中山市,87,36
19日,中山市,26,16
20日,中山市,31,14
21日,中山市,25,14
22日,中山市,29,16
17日,潮州市,63,30
18日,潮州市,61,28
19日,潮州市,44,23
20日,潮州市,50,30
21日,潮州市,52,30
22日,潮州市,41,21
09日,潮州市,77,54
10日,潮州市,59,30
11日,潮州市,45,31
12日,潮州市,62,24
13日,潮州市,112,41
14日,潮州市,94,46
15日,潮州市,94,44
16日,潮州市,92,38
17日,揭阳市,67,31
18日,揭阳市,59,25
19日,揭阳市,38,21
20日,揭阳市,43,24
21日,揭阳市,38,21
22日,揭阳市,38,19
09日,揭阳市,68,47
10日,揭阳市,50,24
11日,揭阳市,47,30
12日,揭阳市,65,25
13日,揭阳市,112,47
14日,揭阳市,102,50
15日,揭阳市,100,50
16日,揭阳市,83,41
09日,云浮市,63,45
17日,云浮市,78,33
18日,云浮市,64,28
19日,云浮市,34,16
20日,云浮市,36,17
21日,云浮市,32,12
22日,云浮市,41,16
10日,云浮市,47,24
11日,云浮市,36,22
12日,云浮市,72,23
13日,云浮市,182,71
14日,云浮市,146,66
15日,云浮市,106,46
16日,云浮市,90,42
09日,南宁市,47,28
17日,南宁市,83,44
18日,南宁市,65,35
19日,南宁市,64,29
20日,南宁市,51,21
21日,南宁市,44,17
22日,南宁市,62,26
10日,南宁市,58,29
11日,南宁市,44,29
12日,南宁市,53,27
13日,南宁市,125,44
14日,南宁市,143,71
15日,南宁市,117,63
16日,南宁市,119,55
17日,柳州市,98,49
18日,柳州市,77,44
19日,柳州市,65,31
20日,柳州市,49,22
21日,柳州市,58,21
22日,柳州市,59,22
09日,柳州市,98,73
10日,柳州市,84,62
11日,柳州市,52,35
12日,柳州市,64,29
13日,柳州市,139,55
14日,柳州市,161,77
15日,柳州市,114,66
16日,柳州市,107,55
10日,桂林市,79,58
11日,桂林市,55,39
12日,桂林市,117,52
13日,桂林市,355,112
14日,桂林市,147,76
15日,桂林市,90,54
16日,桂林市,92,47
09日,桂林市,127,96
17日,桂林市,86,48
18日,桂林市,86,61
19日,桂林市,61,41
20日,桂林市,52,19
21日,桂林市,43,26
22日,桂林市,40,17
17日,梧州市,94,39
18日,梧州市,66,30
19日,梧州市,51,27
20日,梧州市,47,24
21日,梧州市,44,28
22日,梧州市,65,25
09日,梧州市,75,48
10日,梧州市,72,44
11日,梧州市,57,33
12日,梧州市,98,40
13日,梧州市,235,82
14日,梧州市,169,76
15日,梧州市,124,62
16日,梧州市,120,50
17日,北海市,96,40
18日,北海市,70,32
19日,北海市,46,21
20日,北海市,35,14
21日,北海市,38,17
22日,北海市,31,13
09日,北海市,49,22
10日,北海市,46,25
11日,北海市,45,24
12日,北海市,65,30
13日,北海市,174,78
14日,北海市,195,86
15日,北海市,129,60
16日,北海市,110,58
17日,防城港市,102,47
18日,防城港市,74,36
19日,防城港市,43,22
20日,防城港市,29,14
21日,防城港市,29,15
22日,防城港市,29,16
09日,防城港市,51,25
10日,防城港市,51,27
11日,防城港市,46,29
12日,防城港市,49,20
13日,防城港市,103,37
14日,防城港市,146,67
15日,防城港市,130,71
16日,防城港市,118,67
09日,钦州市,54,29
17日,钦州市,104,47
18日,钦州市,87,41
19日,钦州市,53,25
20日,钦州市,38,16
21日,钦州市,38,14
22日,钦州市,36,16
10日,钦州市,53,29
11日,钦州市,56,36
12日,钦州市,63,23
13日,钦州市,113,44
14日,钦州市,172,72
15日,钦州市,159,81
16日,钦州市,135,72
10日,贵港市,52,33
11日,贵港市,53,36
12日,贵港市,94,40
13日,贵港市,240,88
14日,贵港市,183,86
15日,贵港市,141,80
17日,贵港市,96,50
18日,贵港市,74,41
19日,贵港市,52,27
20日,贵港市,45,20
21日,贵港市,43,18
22日,贵港市,50,16
09日,贵港市,61,43
16日,贵港市,110,62
09日,玉林市,48,31
17日,玉林市,88,45
18日,玉林市,69,39
19日,玉林市,49,33
20日,玉林市,41,28
21日,玉林市,45,21
22日,玉林市,45,22
10日,玉林市,43,30
11日,玉林市,48,31
12日,玉林市,82,40
13日,玉林市,282,105
14日,玉林市,168,90
15日,玉林市,129,76
16日,玉林市,101,56
10日,百色市,56,33
11日,百色市,73,46
17日,百色市,83,56
18日,百色市,66,45
19日,百色市,77,40
20日,百色市,68,33
21日,百色市,49,27
22日,百色市,67,29
09日,百色市,64,46
12日,百色市,55,29
13日,百色市,157,66
14日,百色市,141,73
15日,百色市,97,53
16日,百色市,98,55
10日,贺州市,70,51
11日,贺州市,55,37
12日,贺州市,109,55
13日,贺州市,215,102
14日,贺州市,139,80
09日,贺州市,77,56
17日,贺州市,87,49
18日,贺州市,68,41
19日,贺州市,51,27
20日,贺州市,38,20
21日,贺州市,40,22
22日,贺州市,41,20
15日,贺州市,87,53
16日,贺州市,117,47
17日,河池市,81,49
18日,河池市,64,43
19日,河池市,59,29
20日,河池市,49,29
21日,河池市,52,24
22日,河池市,54,23
10日,河池市,99,74
11日,河池市,67,40
12日,河池市,49,19
13日,河池市,163,70
14日,河池市,115,63
15日,河池市,87,50
16日,河池市,106,48
09日,河池市,112,84
17日,来宾市,88,51
18日,来宾市,67,41
19日,来宾市,62,31
20日,来宾市,47,21
21日,来宾市,50,23
22日,来宾市,55,21
10日,来宾市,56,29
11日,来宾市,48,30
12日,来宾市,64,28
13日,来宾市,120,50
14日,来宾市,148,73
15日,来宾市,115,60
16日,来宾市,104,53
09日,来宾市,78,57
09日,崇左市,47,29
17日,崇左市,73,41
18日,崇左市,77,43
19日,崇左市,80,28
20日,崇左市,67,26
21日,崇左市,50,24
22日,崇左市,77,30
10日,崇左市,69,30
11日,崇左市,73,33
12日,崇左市,54,26
13日,崇左市,155,58
14日,崇左市,143,66
15日,崇左市,99,51
16日,崇左市,110,38
17日,海口市,81,37
18日,海口市,54,25
19日,海口市,47,21
20日,海口市,39,14
21日,海口市,35,15
22日,海口市,48,16
10日,海口市,38,24
11日,海口市,37,16
12日,海口市,37,21
13日,海口市,156,66
14日,海口市,170,72
15日,海口市,151,69
16日,海口市,121,61
09日,海口市,47,23
17日,三亚市,81,37
18日,三亚市,42,19
19日,三亚市,24,13
20日,三亚市,22,11
21日,三亚市,22,12
22日,三亚市,23,12
09日,三亚市,43,17
10日,三亚市,32,14
11日,三亚市,27,14
12日,三亚市,25,14
13日,三亚市,43,20
14日,三亚市,106,51
15日,三亚市,102,48
16日,三亚市,100,48
10日,儋州市,39,22
11日,儋州市,48,26
12日,儋州市,52,23
13日,儋州市,142,70
17日,儋州市,86,45
18日,儋州市,52,26
19日,儋州市,38,20
20日,儋州市,52,18
21日,儋州市,55,16
22日,儋州市,43,18
14日,儋州市,153,70
15日,儋州市,111,53
16日,儋州市,87,46
09日,儋州市,50,21
10日,重庆市,95,41
11日,重庆市,44,29
17日,重庆市,119,44
18日,重庆市,121,40
19日,重庆市,93,26
20日,重庆市,71,18
21日,重庆市,51,22
22日,重庆市,46,21
12日,重庆市,200,82
13日,重庆市,222,95
14日,重庆市,141,71
15日,重庆市,101,54
16日,重庆市,106,45
09日,重庆市,99,46
10日,成都市,109,39
09日,成都市,111,43
17日,成都市,113,37
18日,成都市,130,42
19日,成都市,94,28
20日,成都市,100,33
21日,成都市,64,39
22日,成都市,67,32
11日,成都市,59,39
12日,成都市,161,78
13日,成都市,154,67
14日,成都市,92,46
15日,成都市,99,51
16日,成都市,113,55
17日,自贡市,108,38
18日,自贡市,124,36
19日,自贡市,85,30
20日,自贡市,94,26
21日,自贡市,51,23
22日,自贡市,59,22
10日,自贡市,108,46
11日,自贡市,51,32
12日,自贡市,185,68
13日,自贡市,171,63
14日,自贡市,137,58
15日,自贡市,122,61
16日,自贡市,100,42
09日,自贡市,92,36
17日,攀枝花市,95,14
18日,攀枝花市,79,15
19日,攀枝花市,80,17
20日,攀枝花市,81,13
21日,攀枝花市,65,14
09日,攀枝花市,98,42
22日,攀枝花市,68,16
10日,攀枝花市,97,40
11日,攀枝花市,77,26
12日,攀枝花市,51,23
13日,攀枝花市,65,16
14日,攀枝花市,77,20
15日,攀枝花市,63,22
16日,攀枝花市,77,19
17日,泸州市,89,37
09日,泸州市,113,59
10日,泸州市,98,70
11日,泸州市,77,56
12日,泸州市,101,57
13日,泸州市,130,75
14日,泸州市,105,68
15日,泸州市,97,61
16日,泸州市,89,42
18日,泸州市,106,44
19日,泸州市,65,24
20日,泸州市,65,19
21日,泸州市,56,30
22日,泸州市,54,19
10日,德阳市,117,36
11日,德阳市,59,32
12日,德阳市,146,74
13日,德阳市,173,86
14日,德阳市,107,61
15日,德阳市,102,60
16日,德阳市,115,62
09日,德阳市,123,54
17日,德阳市,131,44
18日,德阳市,120,41
19日,德阳市,109,33
20日,德阳市,95,34
21日,德阳市,59,34
22日,德阳市,75,41
10日,绵阳市,90,28
11日,绵阳市,56,28
12日,绵阳市,175,73
13日,绵阳市,164,80
14日,绵阳市,97,50
09日,绵阳市,100,40
17日,绵阳市,120,45
18日,绵阳市,100,41
19日,绵阳市,91,32
20日,绵阳市,91,37
21日,绵阳市,59,30
22日,绵阳市,78,38
15日,绵阳市,96,51
16日,绵阳市,99,49
17日,广元市,81,25
18日,广元市,100,42
19日,广元市,108,66
20日,广元市,79,33
21日,广元市,71,36
22日,广元市,105,55
09日,广元市,66,29
10日,广元市,78,26
11日,广元市,78,36
12日,广元市,500,314
13日,广元市,134,79
14日,广元市,92,68
15日,广元市,93,56
16日,广元市,80,42
17日,遂宁市,115,39
18日,遂宁市,116,38
10日,遂宁市,117,40
11日,遂宁市,51,22
12日,遂宁市,500,170
19日,遂宁市,107,47
20日,遂宁市,104,24
21日,遂宁市,58,19
22日,遂宁市,67,25
09日,遂宁市,106,38
13日,遂宁市,215,95
14日,遂宁市,140,66
15日,遂宁市,105,50
16日,遂宁市,95,48
10日,内江市,111,53
11日,内江市,50,32
12日,内江市,187,93
13日,内江市,157,80
14日,内江市,123,69
15日,内江市,107,70
09日,内江市,100,44
16日,内江市,111,54
17日,内江市,124,50
18日,内江市,120,42
19日,内江市,93,38
20日,内江市,88,26
21日,内江市,48,24
22日,内江市,56,25
10日,乐山市,110,48
11日,乐山市,60,41
09日,乐山市,101,38
16日,乐山市,104,49
17日,乐山市,111,40
18日,乐山市,144,42
19日,乐山市,88,33
20日,乐山市,115,39
21日,乐山市,61,40
22日,乐山市,67,28
12日,乐山市,142,64
13日,乐山市,142,70
14日,乐山市,101,56
15日,乐山市,104,58
10日,南充市,92,44
11日,南充市,45,25
12日,南充市,500,180
13日,南充市,302,110
16日,南充市,91,54
17日,南充市,85,42
18日,南充市,103,41
19日,南充市,96,48
20日,南充市,80,28
21日,南充市,60,24
22日,南充市,68,32
14日,南充市,160,79
15日,南充市,120,68
09日,南充市,96,41
16日,眉山市,127,48
17日,眉山市,106,35
18日,眉山市,150,37
19日,眉山市,92,25
20日,眉山市,116,34
21日,眉山市,65,39
22日,眉山市,69,28
09日,眉山市,101,41
10日,眉山市,104,42
11日,眉山市,59,36
12日,眉山市,142,75
13日,眉山市,125,58
14日,眉山市,89,45
15日,眉山市,106,53
10日,宜宾市,122,55
11日,宜宾市,78,57
12日,宜宾市,154,60
16日,宜宾市,88,42
17日,宜宾市,102,37
18日,宜宾市,116,46
19日,宜宾市,90,32
20日,宜宾市,111,41
21日,宜宾市,69,38
22日,宜宾市,59,21
09日,宜宾市,105,42
13日,宜宾市,165,69
14日,宜宾市,132,62
15日,宜宾市,121,66
16日,广安市,95,53
17日,广安市,97,50
18日,广安市,103,40
19日,广安市,96,34
20日,广安市,75,21
21日,广安市,49,21
22日,广安市,45,20
09日,广安市,95,44
10日,广安市,87,41
11日,广安市,43,23
12日,广安市,500,138
13日,广安市,330,120
14日,广安市,162,82
15日,广安市,119,66
16日,达州市,82,43
17日,达州市,101,48
18日,达州市,82,39
19日,达州市,85,26
20日,达州市,65,14
21日,达州市,43,11
22日,达州市,60,18
09日,达州市,84,34
10日,达州市,80,23
11日,达州市,41,16
12日,达州市,500,142
13日,达州市,263,103
14日,达州市,145,70
15日,达州市,97,52
16日,雅安市,108,41
17日,雅安市,108,35
18日,雅安市,118,32
19日,雅安市,91,27
20日,雅安市,113,32
21日,雅安市,53,34
22日,雅安市,59,29
09日,雅安市,97,25
10日,雅安市,95,34
11日,雅安市,49,34
12日,雅安市,97,51
13日,雅安市,70,32
14日,雅安市,58,25
15日,雅安市,80,30
16日,巴中市,74,45
17日,巴中市,98,46
18日,巴中市,95,40
19日,巴中市,90,36
20日,巴中市,76,24
21日,巴中市,50,16
22日,巴中市,90,40
10日,巴中市,80,30
11日,巴中市,49,23
12日,巴中市,500,196
13日,巴中市,196,101
14日,巴中市,109,64
15日,巴中市,90,54
09日,巴中市,80,33
16日,资阳市,112,49
10日,资阳市,100,40
11日,资阳市,54,32
12日,资阳市,319,105
13日,资阳市,139,60
14日,资阳市,95,47
15日,资阳市,93,50
17日,资阳市,130,42
18日,资阳市,110,37
19日,资阳市,97,33
20日,资阳市,96,26
21日,资阳市,52,23
22日,资阳市,63,27
09日,资阳市,103,34
16日,阿坝藏族羌族自治州,70,14
17日,阿坝藏族羌族自治州,62,12
18日,阿坝藏族羌族自治州,61,14
19日,阿坝藏族羌族自治州,72,16
20日,阿坝藏族羌族自治州,62,14
21日,阿坝藏族羌族自治州,70,14
22日,阿坝藏族羌族自治州,52,12
10日,阿坝藏族羌族自治州,52,13
11日,阿坝藏族羌族自治州,49,12
12日,阿坝藏族羌族自治州,60,14
13日,阿坝藏族羌族自治州,57,12
14日,阿坝藏族羌族自治州,55,11
15日,阿坝藏族羌族自治州,54,12
09日,阿坝藏族羌族自治州,60,14
16日,甘孜藏族自治州,57,8
17日,甘孜藏族自治州,62,8
18日,甘孜藏族自治州,60,10
19日,甘孜藏族自治州,65,12
20日,甘孜藏族自治州,64,11
21日,甘孜藏族自治州,55,8
22日,甘孜藏族自治州,47,7
10日,甘孜藏族自治州,63,15
11日,甘孜藏族自治州,67,13
12日,甘孜藏族自治州,47,5
13日,甘孜藏族自治州,38,10
14日,甘孜藏族自治州,42,10
15日,甘孜藏族自治州,45,5
09日,甘孜藏族自治州,61,10
10日,凉山彝族自治州,83,27
11日,凉山彝族自治州,76,25
12日,凉山彝族自治州,49,14
13日,凉山彝族自治州,47,18
14日,凉山彝族自治州,40,22
15日,凉山彝族自治州,66,22
16日,凉山彝族自治州,57,21
17日,凉山彝族自治州,76,13
18日,凉山彝族自治州,72,16
19日,凉山彝族自治州,67,13
20日,凉山彝族自治州,60,17
21日,凉山彝族自治州,60,11
22日,凉山彝族自治州,62,14
09日,凉山彝族自治州,80,30
10日,贵阳市,53,37
11日,贵阳市,77,35
12日,贵阳市,131,54
13日,贵阳市,187,78
14日,贵阳市,98,48
15日,贵阳市,80,40
09日,贵阳市,69,50
16日,贵阳市,78,33
17日,贵阳市,108,41
18日,贵阳市,71,31
19日,贵阳市,89,13
20日,贵阳市,59,19
21日,贵阳市,66,21
22日,贵阳市,40,13
16日,六盘水市,65,26
17日,六盘水市,75,21
18日,六盘水市,86,20
19日,六盘水市,84,18
20日,六盘水市,82,16
21日,六盘水市,68,14
22日,六盘水市,60,10
09日,六盘水市,69,45
10日,六盘水市,73,46
11日,六盘水市,80,33
12日,六盘水市,148,58
13日,六盘水市,117,51
14日,六盘水市,89,44
15日,六盘水市,75,33
16日,遵义市,95,38
17日,遵义市,79,32
18日,遵义市,74,37
19日,遵义市,77,19
20日,遵义市,44,18
21日,遵义市,70,24
22日,遵义市,37,14
09日,遵义市,84,62
10日,遵义市,72,52
11日,遵义市,72,43
12日,遵义市,125,51
13日,遵义市,183,71
14日,遵义市,96,46
15日,遵义市,79,42
09日,安顺市,83,61
10日,安顺市,59,42
11日,安顺市,80,38
12日,安顺市,110,55
13日,安顺市,169,81
14日,安顺市,98,53
15日,安顺市,74,40
16日,安顺市,70,36
17日,安顺市,87,42
18日,安顺市,83,27
19日,安顺市,98,18
20日,安顺市,68,23
21日,安顺市,71,19
22日,安顺市,55,18
10日,铜仁市,49,30
11日,铜仁市,43,30
12日,铜仁市,45,20
13日,铜仁市,84,42
14日,铜仁市,70,40
15日,铜仁市,58,32
16日,铜仁市,84,38
17日,铜仁市,80,34
18日,铜仁市,51,28
19日,铜仁市,65,17
20日,铜仁市,41,16
21日,铜仁市,47,22
22日,铜仁市,41,19
09日,铜仁市,49,34
10日,黔西南布依族苗族自治州,58,30
11日,黔西南布依族苗族自治州,74,28
12日,黔西南布依族苗族自治州,70,40
16日,黔西南布依族苗族自治州,55,15
17日,黔西南布依族苗族自治州,75,22
18日,黔西南布依族苗族自治州,82,18
19日,黔西南布依族苗族自治州,83,16
20日,黔西南布依族苗族自治州,64,22
21日,黔西南布依族苗族自治州,63,14
22日,黔西南布依族苗族自治州,69,16
13日,黔西南布依族苗族自治州,104,64
14日,黔西南布依族苗族自治州,83,54
15日,黔西南布依族苗族自治州,65,34
09日,黔西南布依族苗族自治州,54,38
16日,毕节市,95,46
17日,毕节市,76,23
18日,毕节市,90,30
19日,毕节市,74,13
20日,毕节市,72,21
21日,毕节市,65,22
22日,毕节市,41,15
10日,毕节市,85,63
11日,毕节市,87,50
12日,毕节市,143,55
13日,毕节市,137,62
14日,毕节市,88,45
15日,毕节市,75,40
09日,毕节市,69,50
16日,黔东南苗族侗族自治州,89,44
17日,黔东南苗族侗族自治州,89,38
18日,黔东南苗族侗族自治州,57,40
19日,黔东南苗族侗族自治州,75,17
20日,黔东南苗族侗族自治州,45,18
21日,黔东南苗族侗族自治州,59,26
22日,黔东南苗族侗族自治州,43,16
10日,黔东南苗族侗族自治州,54,38
11日,黔东南苗族侗族自治州,57,40
12日,黔东南苗族侗族自治州,78,32
13日,黔东南苗族侗族自治州,148,71
14日,黔东南苗族侗族自治州,83,46
15日,黔东南苗族侗族自治州,77,34
09日,黔东南苗族侗族自治州,69,50
10日,黔南布依族苗族自治州,50,30
11日,黔南布依族苗族自治州,59,32
12日,黔南布依族苗族自治州,96,40
13日,黔南布依族苗族自治州,159,70
16日,黔南布依族苗族自治州,92,32
17日,黔南布依族苗族自治州,95,36
18日,黔南布依族苗族自治州,58,34
19日,黔南布依族苗族自治州,91,13
20日,黔南布依族苗族自治州,41,14
21日,黔南布依族苗族自治州,65,22
09日,黔南布依族苗族自治州,59,42
14日,黔南布依族苗族自治州,80,35
15日,黔南布依族苗族自治州,80,25
22日,黔南布依族苗族自治州,38,10
16日,昆明市,57,13
17日,昆明市,77,13
09日,昆明市,81,44
18日,昆明市,80,16
19日,昆明市,80,19
20日,昆明市,69,21
21日,昆明市,55,18
22日,昆明市,65,18
10日,昆明市,95,48
11日,昆明市,65,35
12日,昆明市,54,22
13日,昆明市,68,31
14日,昆明市,75,33
15日,昆明市,56,28
16日,曲靖市,60,14
17日,曲靖市,75,15
18日,曲靖市,80,15
19日,曲靖市,80,19
20日,曲靖市,74,17
21日,曲靖市,65,14
10日,曲靖市,92,42
11日,曲靖市,65,30
12日,曲靖市,68,26
13日,曲靖市,100,36
14日,曲靖市,80,38
15日,曲靖市,63,29
09日,曲靖市,89,41
22日,曲靖市,71,18
10日,玉溪市,88,42
11日,玉溪市,61,34
12日,玉溪市,47,20
13日,玉溪市,69,24
14日,玉溪市,72,27
15日,玉溪市,47,22
16日,玉溪市,54,13
17日,玉溪市,75,12
18日,玉溪市,72,17
19日,玉溪市,73,19
20日,玉溪市,69,22
21日,玉溪市,55,19
22日,玉溪市,55,18
09日,玉溪市,78,41
16日,保山市,64,18
17日,保山市,68,14
18日,保山市,65,17
19日,保山市,60,17
20日,保山市,56,17
21日,保山市,43,19
22日,保山市,49,22
10日,保山市,85,48
11日,保山市,54,37
12日,保山市,49,34
13日,保山市,45,15
14日,保山市,61,18
15日,保山市,48,25
09日,保山市,92,48
16日,昭通市,73,43
17日,昭通市,79,28
18日,昭通市,77,26
19日,昭通市,82,23
20日,昭通市,65,20
21日,昭通市,65,21
22日,昭通市,50,22
09日,昭通市,74,28
10日,昭通市,78,28
11日,昭通市,77,40
12日,昭通市,161,66
13日,昭通市,109,50
14日,昭通市,80,45
15日,昭通市,72,44
16日,丽江市,69,10
17日,丽江市,64,14
18日,丽江市,51,13
19日,丽江市,58,12
20日,丽江市,48,10
21日,丽江市,53,8
22日,丽江市,44,10
10日,丽江市,65,24
11日,丽江市,67,18
12日,丽江市,48,22
13日,丽江市,46,12
14日,丽江市,58,18
15日,丽江市,60,18
09日,丽江市,65,21
09日,普洱市,64,42
10日,普洱市,82,42
11日,普洱市,56,30
12日,普洱市,54,31
13日,普洱市,44,24
14日,普洱市,45,16
15日,普洱市,38,13
16日,普洱市,38,14
17日,普洱市,49,15
18日,普洱市,63,16
19日,普洱市,68,18
20日,普洱市,52,22
21日,普洱市,49,18
22日,普洱市,47,22
09日,临沧市,87,63
10日,临沧市,84,62
11日,临沧市,72,52
12日,临沧市,43,30
13日,临沧市,39,26
14日,临沧市,47,31
15日,临沧市,54,38
16日,临沧市,47,20
17日,临沧市,65,18
18日,临沧市,69,22
19日,临沧市,66,26
20日,临沧市,64,32
21日,临沧市,43,30
22日,临沧市,46,32
16日,楚雄彝族自治州,60,14
17日,楚雄彝族自治州,77,14
18日,楚雄彝族自治州,79,14
19日,楚雄彝族自治州,65,14
20日,楚雄彝族自治州,65,18
21日,楚雄彝族自治州,57,18
22日,楚雄彝族自治州,49,16
09日,楚雄彝族自治州,84,49
10日,楚雄彝族自治州,87,45
11日,楚雄彝族自治州,70,34
12日,楚雄彝族自治州,43,18
13日,楚雄彝族自治州,57,20
14日,楚雄彝族自治州,60,26
15日,楚雄彝族自治州,43,18
16日,红河哈尼族彝族自治州,55,22
17日,红河哈尼族彝族自治州,54,19
18日,红河哈尼族彝族自治州,70,25
19日,红河哈尼族彝族自治州,66,26
20日,红河哈尼族彝族自治州,56,29
21日,红河哈尼族彝族自治州,49,23
22日,红河哈尼族彝族自治州,46,24
09日,红河哈尼族彝族自治州,69,44
10日,红河哈尼族彝族自治州,82,53
11日,红河哈尼族彝族自治州,63,45
12日,红河哈尼族彝族自治州,58,41
13日,红河哈尼族彝族自治州,70,41
14日,红河哈尼族彝族自治州,55,31
15日,红河哈尼族彝族自治州,63,37
09日,文山壮族苗族自治州,53,37
16日,文山壮族苗族自治州,50,24
17日,文山壮族苗族自治州,49,26
18日,文山壮族苗族自治州,57,20
19日,文山壮族苗族自治州,60,22
20日,文山壮族苗族自治州,52,25
21日,文山壮族苗族自治州,47,21
22日,文山壮族苗族自治州,48,18
10日,文山壮族苗族自治州,69,41
11日,文山壮族苗族自治州,58,41
12日,文山壮族苗族自治州,57,40
13日,文山壮族苗族自治州,96,52
14日,文山壮族苗族自治州,83,47
15日,文山壮族苗族自治州,60,32
16日,西双版纳傣族自治州,35,12
17日,西双版纳傣族自治州,38,18
18日,西双版纳傣族自治州,55,22
19日,西双版纳傣族自治州,60,28
20日,西双版纳傣族自治州,38,24
21日,西双版纳傣族自治州,43,25
22日,西双版纳傣族自治州,50,28
09日,西双版纳傣族自治州,75,55
10日,西双版纳傣族自治州,68,49
11日,西双版纳傣族自治州,75,54
12日,西双版纳傣族自治州,83,61
13日,西双版纳傣族自治州,36,24
14日,西双版纳傣族自治州,39,24
15日,西双版纳傣族自治州,33,20
10日,大理白族自治州,79,29
11日,大理白族自治州,60,28
12日,大理白族自治州,43,30
13日,大理白族自治州,48,14
14日,大理白族自治州,62,17
15日,大理白族自治州,50,23
09日,大理白族自治州,80,44
16日,大理白族自治州,72,18
17日,大理白族自治州,72,20
18日,大理白族自治州,74,16
19日,大理白族自治州,59,16
20日,大理白族自治州,63,16
21日,大理白族自治州,53,16
22日,大理白族自治州,49,16
16日,德宏傣族景颇族自治州,55,30
17日,德宏傣族景颇族自治州,74,20
18日,德宏傣族景颇族自治州,60,26
19日,德宏傣族景颇族自治州,60,30
20日,德宏傣族景颇族自治州,50,32
21日,德宏傣族景颇族自治州,53,33
22日,德宏傣族景颇族自治州,51,32
09日,德宏傣族景颇族自治州,109,82
10日,德宏傣族景颇族自治州,99,74
11日,德宏傣族景颇族自治州,84,62
12日,德宏傣族景颇族自治州,54,35
13日,德宏傣族景颇族自治州,36,20
14日,德宏傣族景颇族自治州,62,24
15日,德宏傣族景颇族自治州,51,33
16日,怒江傈僳族自治州,42,12
17日,怒江傈僳族自治州,50,18
18日,怒江傈僳族自治州,59,22
19日,怒江傈僳族自治州,50,22
20日,怒江傈僳族自治州,49,17
21日,怒江傈僳族自治州,40,18
22日,怒江傈僳族自治州,44,18
10日,怒江傈僳族自治州,80,30
11日,怒江傈僳族自治州,53,37
12日,怒江傈僳族自治州,54,38
13日,怒江傈僳族自治州,35,24
14日,怒江傈僳族自治州,46,25
15日,怒江傈僳族自治州,36,24
09日,怒江傈僳族自治州,84,46
09日,迪庆藏族自治州,54,24
16日,迪庆藏族自治州,75,13
17日,迪庆藏族自治州,67,13
18日,迪庆藏族自治州,52,14
19日,迪庆藏族自治州,50,14
20日,迪庆藏族自治州,49,12
21日,迪庆藏族自治州,55,9
22日,迪庆藏族自治州,49,11
10日,迪庆藏族自治州,64,24
11日,迪庆藏族自治州,72,14
12日,迪庆藏族自治州,63,10
13日,迪庆藏族自治州,55,10
14日,迪庆藏族自治州,72,14
15日,迪庆藏族自治州,71,18
09日,拉萨市,64,10
10日,拉萨市,67,10
11日,拉萨市,92,8
12日,拉萨市,92,7
13日,拉萨市,84,8
14日,拉萨市,90,9
15日,拉萨市,87,8
16日,拉萨市,83,14
17日,拉萨市,86,10
18日,拉萨市,84,12
19日,拉萨市,82,12
20日,拉萨市,75,8
21日,拉萨市,65,8
22日,拉萨市,70,11
09日,昌都市,67,8
10日,昌都市,69,9
11日,昌都市,64,10
12日,昌都市,49,8
13日,昌都市,49,8
14日,昌都市,82,6
15日,昌都市,72,10
16日,昌都市,72,11
17日,昌都市,62,9
18日,昌都市,69,22
19日,昌都市,77,26
20日,昌都市,60,13
21日,昌都市,66,9
22日,昌都市,65,10
16日,山南市,81,16
17日,山南市,80,13
18日,山南市,74,10
19日,山南市,79,10
20日,山南市,65,11
21日,山南市,62,12
22日,山南市,69,16
10日,山南市,70,10
11日,山南市,92,8
12日,山南市,82,17
13日,山南市,72,10
14日,山南市,92,18
15日,山南市,82,14
09日,山南市,65,14
10日,日喀则市,74,14
11日,日喀则市,78,6
12日,日喀则市,75,6
13日,日喀则市,87,6
14日,日喀则市,93,10
15日,日喀则市,83,8
16日,日喀则市,76,10
17日,日喀则市,78,8
18日,日喀则市,70,8
19日,日喀则市,69,9
20日,日喀则市,72,4
21日,日喀则市,65,6
22日,日喀则市,75,6
09日,日喀则市,65,12
10日,那曲市,55,16
11日,那曲市,60,16
12日,那曲市,49,14
13日,那曲市,69,12
14日,那曲市,72,16
15日,那曲市,67,38
09日,那曲市,52,22
16日,那曲市,72,28
17日,那曲市,60,20
18日,那曲市,78,30
19日,那曲市,70,22
20日,那曲市,63,13
21日,那曲市,55,19
22日,那曲市,58,26
10日,阿里地区,67,6
11日,阿里地区,77,8
12日,阿里地区,69,8
13日,阿里地区,72,6
14日,阿里地区,75,7
15日,阿里地区,70,5
09日,阿里地区,60,8
16日,阿里地区,69,6
17日,阿里地区,72,7
18日,阿里地区,64,6
19日,阿里地区,72,8
20日,阿里地区,75,8
21日,阿里地区,74,10
22日,阿里地区,65,8
16日,林芝市,65,8
17日,林芝市,62,8
18日,林芝市,55,10
19日,林芝市,59,8
20日,林芝市,50,6
21日,林芝市,49,5
22日,林芝市,44,5
10日,林芝市,57,10
11日,林芝市,70,6
12日,林芝市,60,4
13日,林芝市,60,6
14日,林芝市,67,8
15日,林芝市,68,10
09日,林芝市,53,11
16日,西安市,117,66
10日,西安市,101,55
11日,西安市,150,68
12日,西安市,500,157
13日,西安市,127,69
14日,西安市,82,40
15日,西安市,70,34
09日,西安市,115,57
17日,西安市,124,74
18日,西安市,118,59
19日,西安市,95,57
20日,西安市,75,35
21日,西安市,70,34
22日,西安市,152,74
10日,铜川市,66,24
11日,铜川市,165,61
09日,铜川市,105,43
12日,铜川市,456,105
13日,铜川市,106,38
14日,铜川市,72,36
15日,铜川市,73,20
16日,铜川市,139,65
17日,铜川市,99,58
18日,铜川市,96,46
19日,铜川市,86,45
20日,铜川市,87,35
21日,铜川市,66,31
22日,铜川市,192,92
10日,宝鸡市,91,54
11日,宝鸡市,288,123
12日,宝鸡市,500,272
13日,宝鸡市,137,76
09日,宝鸡市,110,62
16日,宝鸡市,135,78
17日,宝鸡市,90,55
18日,宝鸡市,154,96
19日,宝鸡市,128,91
20日,宝鸡市,116,50
21日,宝鸡市,73,40
22日,宝鸡市,118,66
14日,宝鸡市,71,36
15日,宝鸡市,53,24
10日,咸阳市,97,60
11日,咸阳市,167,75
16日,咸阳市,133,67
17日,咸阳市,113,70
18日,咸阳市,140,76
19日,咸阳市,100,59
20日,咸阳市,89,37
21日,咸阳市,77,36
22日,咸阳市,162,77
12日,咸阳市,500,148
13日,咸阳市,155,81
14日,咸阳市,82,42
15日,咸阳市,69,34
09日,咸阳市,124,63
16日,渭南市,109,55
17日,渭南市,134,83
10日,渭南市,94,44
11日,渭南市,165,59
12日,渭南市,500,149
13日,渭南市,131,56
14日,渭南市,86,35
15日,渭南市,86,26
09日,渭南市,116,60
18日,渭南市,110,53
19日,渭南市,91,45
20日,渭南市,75,32
21日,渭南市,62,38
22日,渭南市,191,104
16日,延安市,124,64
17日,延安市,104,51
18日,延安市,80,43
19日,延安市,78,42
20日,延安市,83,36
21日,延安市,187,88
22日,延安市,136,76
10日,延安市,61,23
11日,延安市,500,133
12日,延安市,189,61
13日,延安市,138,50
14日,延安市,55,15
15日,延安市,62,15
09日,延安市,110,48
10日,汉中市,77,36
11日,汉中市,100,46
12日,汉中市,500,323
16日,汉中市,83,35
17日,汉中市,92,36
18日,汉中市,97,54
19日,汉中市,103,68
20日,汉中市,74,35
21日,汉中市,57,33
22日,汉中市,76,38
09日,汉中市,75,36
13日,汉中市,202,142
14日,汉中市,80,54
15日,汉中市,61,33
09日,榆林市,79,29
16日,榆林市,278,110
17日,榆林市,117,62
18日,榆林市,71,34
19日,榆林市,73,31
20日,榆林市,90,29
21日,榆林市,188,82
22日,榆林市,128,67
10日,榆林市,65,20
11日,榆林市,500,111
12日,榆林市,133,33
13日,榆林市,98,27
14日,榆林市,55,13
15日,榆林市,70,22
10日,安康市,70,22
11日,安康市,54,26
12日,安康市,427,121
13日,安康市,189,114
16日,安康市,73,26
17日,安康市,85,30
18日,安康市,92,38
19日,安康市,85,40
20日,安康市,74,32
21日,安康市,56,31
22日,安康市,110,47
14日,安康市,85,48
15日,安康市,53,22
09日,安康市,67,24
10日,商洛市,96,59
16日,商洛市,91,50
17日,商洛市,99,68
18日,商洛市,102,56
19日,商洛市,89,52
20日,商洛市,80,32
21日,商洛市,56,26
22日,商洛市,161,82
11日,商洛市,73,38
12日,商洛市,436,144
13日,商洛市,102,48
14日,商洛市,80,37
15日,商洛市,64,24
09日,商洛市,96,54
16日,兰州市,185,100
17日,兰州市,91,47
18日,兰州市,265,115
19日,兰州市,154,82
20日,兰州市,148,68
21日,兰州市,89,46
22日,兰州市,80,40
09日,兰州市,148,69
10日,兰州市,83,36
11日,兰州市,198,85
12日,兰州市,500,263
13日,兰州市,109,48
14日,兰州市,71,34
15日,兰州市,83,38
16日,嘉峪关市,97,41
17日,嘉峪关市,152,52
18日,嘉峪关市,70,21
19日,嘉峪关市,75,25
20日,嘉峪关市,65,21
21日,嘉峪关市,62,20
22日,嘉峪关市,67,18
09日,嘉峪关市,68,15
10日,嘉峪关市,73,23
11日,嘉峪关市,57,16
12日,嘉峪关市,65,13
13日,嘉峪关市,65,11
14日,嘉峪关市,86,36
15日,嘉峪关市,105,42
16日,金昌市,108,49
17日,金昌市,179,80
18日,金昌市,124,42
09日,金昌市,60,17
10日,金昌市,78,22
11日,金昌市,500,132
12日,金昌市,353,115
13日,金昌市,59,14
14日,金昌市,52,17
15日,金昌市,113,51
19日,金昌市,116,57
20日,金昌市,105,37
21日,金昌市,78,24
22日,金昌市,61,16
10日,白银市,85,34
11日,白银市,500,124
16日,白银市,170,94
17日,白银市,97,52
18日,白银市,272,102
19日,白银市,146,84
20日,白银市,147,66
21日,白银市,89,40
22日,白银市,79,39
12日,白银市,500,175
13日,白银市,95,37
14日,白银市,64,25
15日,白银市,108,47
09日,白银市,132,62
10日,天水市,78,34
11日,天水市,239,76
16日,天水市,82,38
17日,天水市,73,44
18日,天水市,178,100
19日,天水市,126,70
20日,天水市,90,46
21日,天水市,96,44
22日,天水市,102,49
09日,天水市,97,40
12日,天水市,500,203
13日,天水市,96,34
14日,天水市,78,35
15日,天水市,66,26
16日,武威市,118,57
17日,武威市,151,88
18日,武威市,136,76
19日,武威市,115,74
20日,武威市,131,48
21日,武威市,77,28
22日,武威市,72,28
09日,武威市,100,39
10日,武威市,74,24
11日,武威市,500,114
12日,武威市,490,172
13日,武威市,60,19
14日,武威市,52,20
15日,武威市,126,62
16日,张掖市,101,45
17日,张掖市,179,74
18日,张掖市,73,22
19日,张掖市,77,26
20日,张掖市,58,18
21日,张掖市,79,27
22日,张掖市,70,28
10日,张掖市,79,28
11日,张掖市,272,75
12日,张掖市,162,54
13日,张掖市,63,17
14日,张掖市,61,19
15日,张掖市,120,50
09日,张掖市,91,42
16日,平凉市,154,63
17日,平凉市,79,30
18日,平凉市,191,78
19日,平凉市,138,64
20日,平凉市,85,37
21日,平凉市,150,50
22日,平凉市,110,48
10日,平凉市,73,22
11日,平凉市,500,148
12日,平凉市,500,108
13日,平凉市,107,34
14日,平凉市,54,20
15日,平凉市,65,20
09日,平凉市,112,38
16日,酒泉市,102,37
17日,酒泉市,128,46
18日,酒泉市,75,26
19日,酒泉市,75,28
20日,酒泉市,66,24
21日,酒泉市,64,26
22日,酒泉市,76,22
10日,酒泉市,93,24
11日,酒泉市,67,28
12日,酒泉市,70,23
13日,酒泉市,74,17
14日,酒泉市,87,34
15日,酒泉市,124,44
09日,酒泉市,68,20
10日,庆阳市,65,24
11日,庆阳市,500,155
12日,庆阳市,203,81
13日,庆阳市,113,35
14日,庆阳市,59,20
15日,庆阳市,65,20
09日,庆阳市,107,46
16日,庆阳市,164,114
17日,庆阳市,82,42
18日,庆阳市,104,58
19日,庆阳市,98,65
20日,庆阳市,85,28
21日,庆阳市,112,48
22日,庆阳市,113,66
10日,定西市,72,26
11日,定西市,352,82
12日,定西市,500,188
13日,定西市,111,40
14日,定西市,66,29
15日,定西市,70,26
16日,定西市,120,49
17日,定西市,73,34
18日,定西市,428,125
19日,定西市,172,82
20日,定西市,100,44
21日,定西市,110,52
22日,定西市,76,31
09日,定西市,106,42
10日,陇南市,60,26
11日,陇南市,63,20
16日,陇南市,69,29
17日,陇南市,61,28
18日,陇南市,129,72
19日,陇南市,116,72
20日,陇南市,79,31
21日,陇南市,70,34
09日,陇南市,60,26
12日,陇南市,500,143
13日,陇南市,187,96
14日,陇南市,74,28
15日,陇南市,68,29
22日,陇南市,86,42
09日,临夏回族自治州,125,61
10日,临夏回族自治州,97,48
11日,临夏回族自治州,101,46
12日,临夏回族自治州,150,57
13日,临夏回族自治州,71,33
14日,临夏回族自治州,78,36
15日,临夏回族自治州,67,34
16日,临夏回族自治州,113,60
17日,临夏回族自治州,89,47
18日,临夏回族自治州,348,140
19日,临夏回族自治州,169,98
20日,临夏回族自治州,138,72
21日,临夏回族自治州,96,52
22日,临夏回族自治州,94,54
16日,甘南藏族自治州,72,28
10日,甘南藏族自治州,72,29
11日,甘南藏族自治州,70,28
12日,甘南藏族自治州,60,22
13日,甘南藏族自治州,62,21
17日,甘南藏族自治州,66,26
18日,甘南藏族自治州,118,52
19日,甘南藏族自治州,80,32
20日,甘南藏族自治州,80,32
21日,甘南藏族自治州,78,37
22日,甘南藏族自治州,61,26
14日,甘南藏族自治州,63,23
15日,甘南藏族自治州,63,22
09日,甘南藏族自治州,84,34
16日,西宁市,106,55
17日,西宁市,78,41
18日,西宁市,98,49
19日,西宁市,100,57
20日,西宁市,110,64
21日,西宁市,76,45
22日,西宁市,72,47
10日,西宁市,62,24
11日,西宁市,70,30
12日,西宁市,60,17
13日,西宁市,61,21
14日,西宁市,53,21
15日,西宁市,63,30
09日,西宁市,73,34
16日,海东市,119,64
17日,海东市,75,38
18日,海东市,101,51
19日,海东市,98,54
20日,海东市,109,58
21日,海东市,74,39
22日,海东市,71,40
10日,海东市,61,24
11日,海东市,74,32
12日,海东市,56,20
13日,海东市,56,17
14日,海东市,58,18
15日,海东市,65,28
09日,海东市,84,42
16日,海北藏族自治州,64,30
17日,海北藏族自治州,58,27
18日,海北藏族自治州,101,44
19日,海北藏族自治州,70,30
20日,海北藏族自治州,82,44
21日,海北藏族自治州,62,35
22日,海北藏族自治州,55,27
09日,海北藏族自治州,60,18
10日,海北藏族自治州,60,13
11日,海北藏族自治州,60,18
12日,海北藏族自治州,52,10
13日,海北藏族自治州,53,10
14日,海北藏族自治州,64,16
15日,海北藏族自治州,64,21
16日,黄南藏族自治州,62,22
17日,黄南藏族自治州,62,24
18日,黄南藏族自治州,94,38
19日,黄南藏族自治州,68,27
20日,黄南藏族自治州,87,31
21日,黄南藏族自治州,106,52
22日,黄南藏族自治州,74,35
09日,黄南藏族自治州,67,26
10日,黄南藏族自治州,62,24
11日,黄南藏族自治州,83,35
12日,黄南藏族自治州,52,6
13日,黄南藏族自治州,52,7
14日,黄南藏族自治州,59,13
15日,黄南藏族自治州,65,19
16日,海南藏族自治州,67,33
17日,海南藏族自治州,65,29
18日,海南藏族自治州,98,56
19日,海南藏族自治州,75,42
20日,海南藏族自治州,86,53
21日,海南藏族自治州,83,61
22日,海南藏族自治州,65,42
09日,海南藏族自治州,65,21
10日,海南藏族自治州,64,23
11日,海南藏族自治州,67,15
12日,海南藏族自治州,64,8
13日,海南藏族自治州,64,16
14日,海南藏族自治州,70,12
15日,海南藏族自治州,76,22
09日,果洛藏族自治州,68,20
10日,果洛藏族自治州,65,17
16日,果洛藏族自治州,65,20
17日,果洛藏族自治州,64,15
18日,果洛藏族自治州,90,25
19日,果洛藏族自治州,78,18
20日,果洛藏族自治州,78,14
21日,果洛藏族自治州,73,32
22日,果洛藏族自治州,73,19
11日,果洛藏族自治州,55,20
12日,果洛藏族自治州,62,15
13日,果洛藏族自治州,73,13
14日,果洛藏族自治州,67,14
15日,果洛藏族自治州,72,17
09日,玉树藏族自治州,66,7
10日,玉树藏族自治州,55,7
11日,玉树藏族自治州,56,4
12日,玉树藏族自治州,55,8
13日,玉树藏族自治州,60,8
14日,玉树藏族自治州,82,7
15日,玉树藏族自治州,72,10
16日,玉树藏族自治州,60,11
17日,玉树藏族自治州,60,10
18日,玉树藏族自治州,69,14
19日,玉树藏族自治州,74,10
20日,玉树藏族自治州,64,8
21日,玉树藏族自治州,70,5
22日,玉树藏族自治州,70,5
16日,海西蒙古族藏族自治州,83,32
17日,海西蒙古族藏族自治州,82,34
18日,海西蒙古族藏族自治州,109,42
19日,海西蒙古族藏族自治州,80,30
20日,海西蒙古族藏族自治州,188,84
21日,海西蒙古族藏族自治州,167,80
22日,海西蒙古族藏族自治州,105,46
09日,海西蒙古族藏族自治州,69,20
10日,海西蒙古族藏族自治州,65,16
11日,海西蒙古族藏族自治州,74,16
12日,海西蒙古族藏族自治州,57,21
13日,海西蒙古族藏族自治州,57,10
14日,海西蒙古族藏族自治州,51,15
15日,海西蒙古族藏族自治州,66,17
16日,银川市,131,66
17日,银川市,101,51
18日,银川市,66,30
19日,银川市,104,47
20日,银川市,121,66
21日,银川市,128,63
22日,银川市,81,45
09日,银川市,58,24
10日,银川市,82,32
11日,银川市,500,186
12日,银川市,102,33
13日,银川市,69,25
14日,银川市,58,19
15日,银川市,119,58
09日,石嘴山市,54,23
10日,石嘴山市,92,38
11日,石嘴山市,500,214
12日,石嘴山市,93,41
13日,石嘴山市,69,27
14日,石嘴山市,54,23
15日,石嘴山市,133,63
16日,石嘴山市,182,82
17日,石嘴山市,83,46
18日,石嘴山市,68,35
19日,石嘴山市,84,37
20日,石嘴山市,110,54
21日,石嘴山市,275,119
22日,石嘴山市,84,54
16日,吴忠市,164,91
17日,吴忠市,146,77
18日,吴忠市,91,49
19日,吴忠市,129,78
20日,吴忠市,154,85
21日,吴忠市,176,102
22日,吴忠市,80,54
09日,吴忠市,81,43
10日,吴忠市,90,38
11日,吴忠市,500,221
12日,吴忠市,151,65
13日,吴忠市,77,28
14日,吴忠市,53,17
15日,吴忠市,131,71
09日,固原市,118,51
10日,固原市,68,25
11日,固原市,500,194
12日,固原市,477,128
13日,固原市,110,41
14日,固原市,51,22
15日,固原市,76,34
16日,固原市,182,126
17日,固原市,82,38
18日,固原市,191,108
19日,固原市,132,81
20日,固原市,95,48
21日,固原市,151,60
22日,固原市,95,47
16日,中卫市,155,103
17日,中卫市,142,78
18日,中卫市,450,156
19日,中卫市,180,104
20日,中卫市,266,138
21日,中卫市,188,91
22日,中卫市,81,54
09日,中卫市,99,51
10日,中卫市,89,36
11日,中卫市,500,278
12日,中卫市,434,160
13日,中卫市,140,74
14日,中卫市,55,30
15日,中卫市,181,104
09日,乌鲁木齐市,69,20
10日,乌鲁木齐市,47,10
11日,乌鲁木齐市,61,9
12日,乌鲁木齐市,60,9
13日,乌鲁木齐市,57,12
14日,乌鲁木齐市,156,52
15日,乌鲁木齐市,58,18
16日,乌鲁木齐市,49,16
17日,乌鲁木齐市,51,6
18日,乌鲁木齐市,65,17
19日,乌鲁木齐市,63,12
20日,乌鲁木齐市,38,10
21日,乌鲁木齐市,58,10
22日,乌鲁木齐市,64,17
09日,克拉玛依市,62,15
10日,克拉玛依市,52,7
11日,克拉玛依市,55,8
12日,克拉玛依市,58,8
13日,克拉玛依市,70,12
14日,克拉玛依市,59,16
15日,克拉玛依市,50,9
16日,克拉玛依市,45,8
17日,克拉玛依市,54,6
18日,克拉玛依市,50,8
19日,克拉玛依市,40,10
20日,克拉玛依市,42,7
21日,克拉玛依市,53,8
22日,克拉玛依市,61,11
16日,吐鲁番市,96,41
17日,吐鲁番市,496,134
18日,吐鲁番市,78,28
19日,吐鲁番市,115,35
20日,吐鲁番市,137,48
21日,吐鲁番市,69,25
22日,吐鲁番市,63,22
09日,吐鲁番市,62,20
10日,吐鲁番市,135,42
11日,吐鲁番市,87,46
12日,吐鲁番市,57,24
13日,吐鲁番市,62,18
14日,吐鲁番市,82,30
15日,吐鲁番市,149,59
16日,哈密市,54,14
17日,哈密市,57,12
18日,哈密市,57,16
19日,哈密市,72,22
20日,哈密市,44,10
09日,哈密市,60,16
10日,哈密市,78,20
11日,哈密市,60,17
12日,哈密市,57,16
13日,哈密市,59,20
14日,哈密市,138,66
15日,哈密市,156,76
21日,哈密市,43,12
22日,哈密市,52,18
16日,昌吉回族自治州,56,16
17日,昌吉回族自治州,59,3
18日,昌吉回族自治州,73,14
19日,昌吉回族自治州,64,10
20日,昌吉回族自治州,42,8
21日,昌吉回族自治州,67,10
22日,昌吉回族自治州,75,14
09日,昌吉回族自治州,102,18
10日,昌吉回族自治州,55,6
11日,昌吉回族自治州,69,7
12日,昌吉回族自治州,69,8
13日,昌吉回族自治州,62,12
14日,昌吉回族自治州,128,44
15日,昌吉回族自治州,59,14
16日,博尔塔拉蒙古自治州,43,14
17日,博尔塔拉蒙古自治州,52,12
18日,博尔塔拉蒙古自治州,58,14
19日,博尔塔拉蒙古自治州,83,20
09日,博尔塔拉蒙古自治州,98,23
10日,博尔塔拉蒙古自治州,72,14
11日,博尔塔拉蒙古自治州,80,15
12日,博尔塔拉蒙古自治州,74,15
13日,博尔塔拉蒙古自治州,77,18
14日,博尔塔拉蒙古自治州,93,30
15日,博尔塔拉蒙古自治州,70,19
20日,博尔塔拉蒙古自治州,45,13
21日,博尔塔拉蒙古自治州,50,14
22日,博尔塔拉蒙古自治州,59,16
09日,巴音郭楞蒙古自治州,64,14
10日,巴音郭楞蒙古自治州,178,38
11日,巴音郭楞蒙古自治州,60,10
12日,巴音郭楞蒙古自治州,55,11
13日,巴音郭楞蒙古自治州,142,44
14日,巴音郭楞蒙古自治州,303,91
15日,巴音郭楞蒙古自治州,116,47
16日,巴音郭楞蒙古自治州,106,28
17日,巴音郭楞蒙古自治州,500,106
18日,巴音郭楞蒙古自治州,500,164
19日,巴音郭楞蒙古自治州,309,64
20日,巴音郭楞蒙古自治州,113,20
21日,巴音郭楞蒙古自治州,109,29
22日,巴音郭楞蒙古自治州,446,101
16日,阿克苏地区,170,66
17日,阿克苏地区,500,246
18日,阿克苏地区,500,810
19日,阿克苏地区,500,548
20日,阿克苏地区,500,222
21日,阿克苏地区,500,308
22日,阿克苏地区,500,186
09日,阿克苏地区,117,50
10日,阿克苏地区,500,96
11日,阿克苏地区,233,58
12日,阿克苏地区,158,58
13日,阿克苏地区,273,106
14日,阿克苏地区,393,142
15日,阿克苏地区,97,48
16日,克孜勒苏柯尔克孜自治州,75,25
17日,克孜勒苏柯尔克孜自治州,68,14
18日,克孜勒苏柯尔克孜自治州,220,89
19日,克孜勒苏柯尔克孜自治州,500,492
20日,克孜勒苏柯尔克孜自治州,282,97
21日,克孜勒苏柯尔克孜自治州,293,122
22日,克孜勒苏柯尔克孜自治州,500,178
09日,克孜勒苏柯尔克孜自治州,67,22
10日,克孜勒苏柯尔克孜自治州,60,17
11日,克孜勒苏柯尔克孜自治州,96,44
12日,克孜勒苏柯尔克孜自治州,496,164
13日,克孜勒苏柯尔克孜自治州,500,218
14日,克孜勒苏柯尔克孜自治州,402,160
15日,克孜勒苏柯尔克孜自治州,74,18
09日,喀什地区,94,35
10日,喀什地区,75,18
11日,喀什地区,123,48
12日,喀什地区,432,143
13日,喀什地区,500,189
14日,喀什地区,388,151
15日,喀什地区,69,31
16日,喀什地区,119,40
17日,喀什地区,67,21
18日,喀什地区,199,79
19日,喀什地区,500,475
20日,喀什地区,114,44
21日,喀什地区,183,83
22日,喀什地区,334,111
16日,和田地区,141,93
17日,和田地区,500,169
18日,和田地区,500,486
19日,和田地区,500,858
20日,和田地区,332,225
21日,和田地区,209,125
22日,和田地区,494,188
09日,和田地区,167,44
10日,和田地区,500,150
11日,和田地区,500,382
12日,和田地区,458,181
13日,和田地区,500,200
14日,和田地区,498,172
15日,和田地区,215,112
09日,伊犁哈萨克自治州,65,26
10日,伊犁哈萨克自治州,60,15
11日,伊犁哈萨克自治州,58,15
12日,伊犁哈萨克自治州,64,18
13日,伊犁哈萨克自治州,93,41
14日,伊犁哈萨克自治州,94,50
15日,伊犁哈萨克自治州,51,11
16日,伊犁哈萨克自治州,43,11
17日,伊犁哈萨克自治州,55,10
18日,伊犁哈萨克自治州,44,16
19日,伊犁哈萨克自治州,44,13
20日,伊犁哈萨克自治州,47,11
21日,伊犁哈萨克自治州,63,15
22日,伊犁哈萨克自治州,63,29
16日,塔城地区,41,13
17日,塔城地区,57,15
18日,塔城地区,42,12
19日,塔城地区,41,8
20日,塔城地区,46,10
21日,塔城地区,54,12
22日,塔城地区,56,13
09日,塔城地区,57,18
10日,塔城地区,58,9
11日,塔城地区,60,12
12日,塔城地区,59,10
13日,塔城地区,67,13
14日,塔城地区,51,12
15日,塔城地区,46,10
16日,阿勒泰地区,50,6
17日,阿勒泰地区,42,6
18日,阿勒泰地区,45,5
19日,阿勒泰地区,44,6
20日,阿勒泰地区,46,5
21日,阿勒泰地区,48,6
22日,阿勒泰地区,49,5
09日,阿勒泰地区,47,5
10日,阿勒泰地区,38,4
11日,阿勒泰地区,48,5
12日,阿勒泰地区,53,6
13日,阿勒泰地区,58,5
14日,阿勒泰地区,56,6
15日,阿勒泰地区,42,9
16日,石河子市,42,14
17日,石河子市,57,7
18日,石河子市,71,38
19日,石河子市,168,36
20日,石河子市,41,13
21日,石河子市,60,11
22日,石河子市,74,13
09日,石河子市,108,25
10日,石河子市,52,10
11日,石河子市,59,9
12日,石河子市,80,18
13日,石河子市,80,19
14日,石河子市,93,34
15日,石河子市,59,18
16日,五家渠市,56,26
17日,五家渠市,53,4
18日,五家渠市,62,16
19日,五家渠市,57,6
20日,五家渠市,38,8
21日,五家渠市,53,13
22日,五家渠市,60,20
09日,五家渠市,116,35
10日,五家渠市,46,16
11日,五家渠市,57,14
12日,五家渠市,52,10
13日,五家渠市,76,25
14日,五家渠市,169,62
15日,五家渠市,51,25
